experiment_name,condition_name,method,time_s,truth_x_m,truth_y_m,truth_z_m,estimate_x_m,estimate_y_m,estimate_z_m,valid_estimate,localization_error_m,active_rays,contributing_uavs,mean_observation_age_s,max_observation_age_s,mean_residual_m,max_residual_m,gated_rejected_observations,condition_number,geometry_quality,packet_loss_count,duplicate_count,out_of_order_count,stale_rejected_count
1D_packet_loss_sweep,loss_0.3_speed_2,synchronized_bearing_fusion,0.0,0.0,0.0,0.0,-1.822149101684064,0.9837879612939681,-1.4561136267180979,True,2.531468545226094,2,2,0.0,0.0,0.19395449230959477,0.19879574212296103,0,2.2144871390721543,0.9956085710346493,2,0,0,0
1D_packet_loss_sweep,loss_0.3_speed_2,synchronized_bearing_fusion,0.2,0.4,0.1,0.0,12.2323658505852,-0.7922667608622471,-0.6464219543056661,True,11.883555147246247,2,2,0.0,0.0,0.11001636159126843,0.11398949616314191,0,10.75758678120024,0.5811252446736149,4,0,0,0
1D_packet_loss_sweep,loss_0.3_speed_2,synchronized_bearing_fusion,0.4,0.8,0.2,0.0,0.5495444230841328,-0.8423422917316702,0.9307563523807179,True,1.4196875841669354,4,4,0.0,0.0,3.996984688607956,6.128930741160433,0,1.6993526742188294,0.5724713055948283,5,0,0,0
1D_packet_loss_sweep,loss_0.3_speed_2,synchronized_bearing_fusion,0.6000000000000001,1.2000000000000002,0.30000000000000004,0.0,4.675208468932037,0.736601293077778,1.1299059455550857,True,3.6802692887144643,2,2,0.0,0.0,1.8999118424034651,1.9248788344518983,0,11.142031556287172,0.5716965778265363,7,0,0,0
1D_packet_loss_sweep,loss_0.3_speed_2,synchronized_bearing_fusion,0.8,1.6,0.4,0.0,3.9698351040470707,-0.6483244094127465,-2.55107070046519,True,3.6363531465626835,2,2,0.0,0.0,2.2363233907472733,2.2922677224097474,0,2.198512061442588,0.996226943255591,10,0,0,0
1D_packet_loss_sweep,loss_0.3_speed_2,synchronized_bearing_fusion,1.0,2.0,0.5,0.0,2.593360534649393,1.269561909358175,-0.9440429828578797,True,1.3548134225411321,2,2,0.0,0.0,1.9745431795637203,2.0772141036846765,0,2.2190942306578405,0.9964621105243976,12,0,0,0
1D_packet_loss_sweep,loss_0.3_speed_2,synchronized_bearing_fusion,1.2,2.4,0.6,0.0,2.227999023651314,-0.2134433869341752,-0.4453383201578763,True,0.9431864603634229,3,3,0.0,0.0,0.19262737373092578,0.2632389639871338,0,2.253677950123463,0.5826817192962279,15,0,0,0
1D_packet_loss_sweep,loss_0.3_speed_2,synchronized_bearing_fusion,1.4,2.8,0.7,0.0,3.0260818628616013,1.081774074273001,-0.5018354232502674,True,0.66985315146736,3,3,0.0,0.0,0.8052220446725197,0.8798963116491783,0,2.33457125017683,0.5804513388868789,20,0,0,0
1D_packet_loss_sweep,loss_0.3_speed_2,synchronized_bearing_fusion,1.5999999999999999,3.1999999999999997,0.7999999999999999,0.0,-0.03037326594451938,-0.21845218058500518,1.487973238276647,True,3.699543301448829,4,4,0.0,0.0,1.4259849743905115,2.5865068924039902,0,1.6746034747107903,0.5684583473262436,21,0,0,0
1D_packet_loss_sweep,loss_0.3_speed_2,synchronized_bearing_fusion,1.7999999999999998,3.5999999999999996,0.8999999999999999,0.0,3.208765903924396,1.1531323329844796,-0.07783480861321898,True,0.4724387297482253,2,2,0.0,0.0,0.14714008233139875,0.1482863574780059,0,2.223896141169663,0.9949493122867136,23,0,0,0
1D_packet_loss_sweep,loss_0.3_speed_2,synchronized_bearing_fusion,1.9999999999999998,3.9999999999999996,0.9999999999999999,0.0,2.858389450092262,2.9055785881803287,-2.9206726517330526,True,3.669445890318232,2,2,0.0,0.0,1.1483723644081216,1.1659487889191726,0,2.203345643587998,0.9958488680551559,25,0,0,0
1D_packet_loss_sweep,loss_0.3_speed_2,synchronized_bearing_fusion,2.1999999999999997,4.3999999999999995,1.0999999999999999,0.0,2.402346694669628,1.2038166329174766,0.7436291096556854,True,2.1340995464820725,4,4,0.0,0.0,1.3064160256938235,2.308590323401602,0,1.7262344781508385,0.5765604236346643,29,0,0,0
1D_packet_loss_sweep,loss_0.3_speed_2,synchronized_bearing_fusion,2.4,4.8,1.2,0.0,4.631059566436648,-0.8921160562163486,-0.4978521195394886,True,2.15716183808744,2,2,0.0,0.0,1.389184681560305,1.4270145389270124,0,2.178195104167565,0.9970178037640769,31,0,0,0
1D_packet_loss_sweep,loss_0.3_speed_2,synchronized_bearing_fusion,2.6,5.2,1.3,0.0,5.89634431792743,3.115822085529505,0.330682771020009,True,1.9726774572788146,3,3,0.0,0.0,1.2171050341198786,1.566416347031399,0,2.4853390779321898,0.5830398273689743,34,0,0,0
1D_packet_loss_sweep,loss_0.3_speed_2,synchronized_bearing_fusion,2.8000000000000003,5.6000000000000005,1.4000000000000001,0.0,3.5083840235943895,2.2217207166977317,2.5657962960286604,True,3.4107760057968957,2,2,0.0,0.0,3.2004186699344634,3.252458452790938,0,2.174738882221863,0.9968985605443793,37,0,0,0
1D_packet_loss_sweep,loss_0.3_speed_2,synchronized_bearing_fusion,3.0000000000000004,6.000000000000001,1.5000000000000002,0.0,,,,False,,1,1,0.0,0.0,,,0,inf,0.0,41,0,0,0
1D_packet_loss_sweep,loss_0.3_speed_2,synchronized_bearing_fusion,3.2000000000000006,6.400000000000001,1.6000000000000003,0.0,6.27951424725056,2.5829435006869277,-0.1730180078505039,True,1.005300936634811,4,4,0.0,0.0,1.855452742496792,2.1146611135484528,0,1.6904322196413062,0.5801030383456941,45,0,0,0
1D_packet_loss_sweep,loss_0.3_speed_2,synchronized_bearing_fusion,3.400000000000001,6.800000000000002,1.7000000000000004,0.0,4.422376630131872,0.6588090801478794,0.07340754422293054,True,2.5966440048790727,2,2,0.0,0.0,1.8694488818282662,1.8724824134290965,0,2.181532145378766,0.996533084145796,47,0,0,0
1D_packet_loss_sweep,loss_0.3_speed_2,synchronized_bearing_fusion,3.600000000000001,7.200000000000002,1.8000000000000005,0.0,8.044229584791033,-0.8616538228327942,-0.7358187429011896,True,2.8876554307675897,3,3,0.0,0.0,1.2286974212476143,1.650409695479885,0,2.434544455793491,0.5848753864725758,50,0,0,0
1D_packet_loss_sweep,loss_0.3_speed_2,synchronized_bearing_fusion,3.800000000000001,7.600000000000002,1.9000000000000006,0.0,5.639177012091894,0.8929710868282592,-1.586830534955743,True,2.716056915556202,2,2,0.0,0.0,1.710952526105642,1.7232924770732225,0,2.2585189313245415,0.9934532448604254,52,0,0,0
1D_packet_loss_sweep,loss_0.3_speed_2,synchronized_bearing_fusion,4.000000000000001,8.000000000000002,2.0000000000000004,0.0,9.688980793313823,3.5144889023873946,-1.0737316800708598,True,2.509827180589402,2,2,0.0,0.0,0.6445118133132022,0.6734524583008854,0,10.343672281452822,0.5916329014024064,56,0,0,0
1D_packet_loss_sweep,loss_0.3_speed_2,synchronized_bearing_fusion,4.200000000000001,8.400000000000002,2.1000000000000005,0.0,9.358333871731357,3.4125513792828137,-0.3915924413986442,True,1.671687642212317,3,3,0.0,0.0,2.839771033228186,3.2773064327230315,0,2.3969767364060437,0.5874381164634828,58,0,0,0
1D_packet_loss_sweep,loss_0.3_speed_2,synchronized_bearing_fusion,4.400000000000001,8.800000000000002,2.2000000000000006,0.0,9.40114814435099,0.9690724464219078,-1.0793443312373538,True,1.744002843744412,3,3,0.0,0.0,0.4376056892574769,0.510538994799063,0,2.409660010051824,0.5863881263317282,59,0,0,0
1D_packet_loss_sweep,loss_0.3_speed_2,synchronized_bearing_fusion,4.600000000000001,9.200000000000003,2.3000000000000007,0.0,,,,False,,1,1,0.0,0.0,,,0,inf,0.0,62,0,0,0
1D_packet_loss_sweep,loss_0.3_speed_2,synchronized_bearing_fusion,4.800000000000002,9.600000000000003,2.400000000000001,0.0,11.24485050972445,4.926584790492453,0.32503554120888484,True,3.0322948415247346,3,3,0.0,0.0,1.467059436010005,1.6256298824781632,0,2.4233332068055957,0.5804787816473957,70,0,0,0
1D_packet_loss_sweep,loss_0.3_speed_2,synchronized_bearing_fusion,5.000000000000002,10.000000000000004,2.500000000000001,0.0,9.933078045865376,2.2168476389551914,-1.2159774515432178,True,1.2503019515988871,3,3,0.0,0.0,1.8336067624227093,2.263311562153259,0,2.2991929684179127,0.5830451713572282,72,0,0,0
1D_packet_loss_sweep,loss_0.3_speed_2,synchronized_bearing_fusion,5.200000000000002,10.400000000000004,2.600000000000001,0.0,13.716437683517652,2.99105649486522,-0.22933335719761777,True,3.34727917562245,3,3,0.0,0.0,2.693569781225095,3.408016514107108,0,2.4358158603584683,0.5870376300160576,74,0,0,0
1D_packet_loss_sweep,loss_0.3_speed_2,synchronized_bearing_fusion,5.400000000000002,10.800000000000004,2.700000000000001,0.0,10.940131883969606,4.479210062430085,0.05014734691124433,True,1.7854243606379887,3,3,0.0,0.0,0.56465927859575,0.7284623094774395,0,2.3304970616774856,0.5884093894333421,76,0,0,0
1D_packet_loss_sweep,loss_0.3_speed_2,synchronized_bearing_fusion,5.600000000000002,11.200000000000005,2.800000000000001,0.0,9.817433068577092,2.964936036198787,0.8450115648696093,True,1.628723353017486,3,3,0.0,0.0,1.6147644380927961,2.050913199093197,0,2.3085187872287465,0.5818176152901797,78,0,0,0
1D_packet_loss_sweep,loss_0.3_speed_2,synchronized_bearing_fusion,5.8000000000000025,11.600000000000005,2.9000000000000012,0.0,11.347230096320926,3.643216503481242,-0.10424263556748284,True,0.7919153504781093,4,4,0.0,0.0,1.8748592517346796,3.4033679318279715,0,1.6972214399821934,0.5752242815642901,79,0,0,0
1D_packet_loss_sweep,loss_0.3_speed_2,synchronized_bearing_fusion,6.000000000000003,12.000000000000005,3.0000000000000013,0.0,13.217809459069105,0.5420437704622443,-1.0564546846990233,True,2.939507646825256,3,3,0.0,0.0,1.8508583160918792,2.703156237461973,0,2.265368119254859,0.5892003034476252,80,0,0,0
1D_packet_loss_sweep,loss_0.3_speed_2,synchronized_bearing_fusion,6.200000000000003,12.400000000000006,3.1000000000000014,0.0,12.00284616807832,2.4357934134947463,0.3715582096069399,True,0.8584620311308805,3,3,0.0,0.0,2.2616251125823412,3.232564868964384,0,2.3345304763772057,0.5883119901817702,82,0,0,0
1D_packet_loss_sweep,loss_0.3_speed_2,synchronized_bearing_fusion,6.400000000000003,12.800000000000006,3.2000000000000015,0.0,4.393352160482327,3.673833047665366,0.5160899045076238,True,8.435792460952426,2,2,0.0,0.0,0.45434514505003104,0.46855813597439633,0,10.96490127655982,0.576068822623208,84,0,0,0
1D_packet_loss_sweep,loss_0.3_speed_2,synchronized_bearing_fusion,6.600000000000003,13.200000000000006,3.3000000000000016,0.0,11.813599033000987,6.567612331282818,1.6514056752986732,True,3.914912348093633,2,2,0.0,0.0,3.5493634755417753,3.69127520526228,0,2.1769525212262515,0.9974885430092162,88,0,0,0
1D_packet_loss_sweep,loss_0.3_speed_2,synchronized_bearing_fusion,6.800000000000003,13.600000000000007,3.4000000000000017,0.0,17.73519612352472,4.548799559723933,1.5130735805379982,True,4.550711929858644,2,2,0.0,0.0,0.5713314475700497,0.5801497436052241,0,10.765133740479264,0.5806325794888111,91,0,0,0
1D_packet_loss_sweep,loss_0.3_speed_2,synchronized_bearing_fusion,7.0000000000000036,14.000000000000007,3.5000000000000018,0.0,,,,False,,1,1,0.0,0.0,,,0,inf,0.0,97,0,0,0
1D_packet_loss_sweep,loss_0.3_speed_2,synchronized_bearing_fusion,7.200000000000004,14.400000000000007,3.600000000000002,0.0,,,,False,,1,1,0.0,0.0,,,0,inf,0.0,100,0,0,0
1D_packet_loss_sweep,loss_0.3_speed_2,synchronized_bearing_fusion,7.400000000000004,14.800000000000008,3.700000000000002,0.0,15.26342170918938,3.4691984200258443,1.1682533308204608,True,1.2778281945706425,3,3,0.0,0.0,1.351929311683998,1.5053418539896273,0,2.30315131789816,0.573555060777461,105,0,0,0
1D_packet_loss_sweep,loss_0.3_speed_2,synchronized_bearing_fusion,7.600000000000004,15.200000000000008,3.800000000000002,0.0,11.455972304710533,4.152072609547622,0.5019631734244475,True,3.7938984610770263,3,3,0.0,0.0,1.9086624382610369,2.285120753299129,0,2.3949103099199407,0.584141132291508,110,0,0,0
1D_packet_loss_sweep,loss_0.3_speed_2,synchronized_bearing_fusion,7.800000000000004,15.600000000000009,3.900000000000002,0.0,14.986988323150777,3.5154509860517797,0.6538201923406959,True,0.9752651454832583,4,4,0.0,0.0,1.568012943354888,2.5486633542410098,0,1.6748452194943502,0.5808898820127462,111,0,0,0
1D_packet_loss_sweep,loss_0.3_speed_2,synchronized_bearing_fusion,8.000000000000004,16.000000000000007,4.000000000000002,0.0,16.2514414501845,4.526330372485105,-0.3267156204576691,True,0.6685727787774703,4,4,0.0,0.0,1.2363478239496541,1.6824869420692914,0,1.673475357331738,0.5862648826389393,111,0,0,0
1D_packet_loss_sweep,loss_0.3_speed_2,synchronized_bearing_fusion,8.200000000000003,16.400000000000006,4.100000000000001,0.0,13.85708451658281,3.8564080400736938,-1.1955232489037892,True,2.820466634692408,4,4,0.0,0.0,2.5439890881278044,4.159897682808586,0,1.7013561348558173,0.5816768090728803,111,0,0,0
1D_packet_loss_sweep,loss_0.3_speed_2,synchronized_bearing_fusion,8.400000000000002,16.800000000000004,4.200000000000001,0.0,14.154051470008438,6.126506782531352,1.6267532249094934,True,3.6549689548965065,3,3,0.0,0.0,1.0293575628171199,1.4002423009376932,0,2.366622043703062,0.5796411632511975,112,0,0,0
1D_packet_loss_sweep,loss_0.3_speed_2,synchronized_bearing_fusion,8.600000000000001,17.200000000000003,4.300000000000001,0.0,18.681120117397015,3.9695974312388285,1.1693060997875415,True,1.9157660124875562,4,4,0.0,0.0,1.3393741320146075,2.2103537985969166,0,1.7021148624877678,0.5793351268249938,113,0,0,0
1D_packet_loss_sweep,loss_0.3_speed_2,synchronized_bearing_fusion,8.8,17.6,4.4,0.0,19.145800116352934,3.6545284923340304,-0.37501539735635364,True,1.7566622659785398,2,2,0.0,0.0,2.8957562259628995,2.9119796952625645,0,2.09611849107839,0.9989637626908414,115,0,0,0
1D_packet_loss_sweep,loss_0.3_speed_2,synchronized_bearing_fusion,9.0,18.0,4.5,0.0,18.01247929434101,7.7065419755835824,-1.7244978625983851,True,3.640873528711635,3,3,0.0,0.0,1.4876284268135864,2.040814503046559,0,2.392943254667656,0.5933404288337251,117,0,0,0
1D_packet_loss_sweep,loss_0.3_speed_2,synchronized_bearing_fusion,9.2,18.4,4.6,0.0,18.388414778098035,2.723110233596873,0.41132059636346324,True,1.92146663920769,2,2,0.0,0.0,0.03721076895454818,0.0379724456022403,0,2.060262350978244,0.9997816031490983,121,0,0,0
1D_packet_loss_sweep,loss_0.3_speed_2,synchronized_bearing_fusion,9.399999999999999,18.799999999999997,4.699999999999999,0.0,19.501357982841743,5.048349992765556,-1.5896158347950207,True,1.7720409814072235,3,3,0.0,0.0,1.9262047668239308,2.832603683002886,0,2.386975111846193,0.5988439002465038,123,0,0,0
1D_packet_loss_sweep,loss_0.3_speed_2,synchronized_bearing_fusion,9.599999999999998,19.199999999999996,4.799999999999999,0.0,30.41601040840284,3.9147917024767587,-1.8663709798095345,True,11.404640452275562,2,2,0.0,0.0,2.385809365278795,2.41988715501314,0,10.400744624472422,0.5896455114546351,125,0,0,0
1D_packet_loss_sweep,loss_0.3_speed_2,synchronized_bearing_fusion,9.799999999999997,19.599999999999994,4.899999999999999,0.0,19.660991846946548,5.7163485552784685,1.198222113498303,True,1.4511654634725626,4,4,0.0,0.0,2.8577616349812103,4.1613092170432555,0,1.6914029762267015,0.5692093835694011,129,0,0,0
1D_packet_loss_sweep,loss_0.3_speed_2,synchronized_bearing_fusion,9.999999999999996,19.999999999999993,4.999999999999998,0.0,21.866847765015976,5.390427236004297,-0.6349515710541533,True,2.010153601579557,4,4,0.0,0.0,1.6402246985127689,2.686933218266554,0,1.7019272903309342,0.5917533363227472,129,0,0,0
1D_packet_loss_sweep,loss_0.3_speed_2,synchronized_bearing_fusion,10.199999999999996,20.39999999999999,5.099999999999998,0.0,23.50122471355909,3.1610379955267196,1.7239152630705545,True,4.043396123684689,3,3,0.0,0.0,1.4484590057312385,1.985810949257756,0,2.4067010878446595,0.5886392490454543,130,0,0,0
1D_packet_loss_sweep,loss_0.3_speed_2,synchronized_bearing_fusion,10.399999999999995,20.79999999999999,5.1999999999999975,0.0,22.064547320749714,6.0216170490847585,-0.598369246263476,True,1.6223995366850843,4,4,0.0,0.0,3.3651085051435032,4.6065123534428025,0,1.6968024062455658,0.5891722322324872,131,0,0,0
1D_packet_loss_sweep,loss_0.3_speed_2,synchronized_bearing_fusion,10.599999999999994,21.19999999999999,5.299999999999997,0.0,20.456698269105924,4.379694113308474,-0.8315695309003245,True,1.446018074904656,3,3,0.0,0.0,1.9405554510768315,2.4874434585434613,0,2.246151001116655,0.5883879438328192,132,0,0,0
1D_packet_loss_sweep,loss_0.3_speed_2,synchronized_bearing_fusion,10.799999999999994,21.599999999999987,5.399999999999997,0.0,21.46364656034289,5.568835308792687,-3.033828088700118,True,3.0415802625916775,3,3,0.0,0.0,2.6412576394290905,3.2043623985451326,0,2.2925419856116536,0.6022789756340601,134,0,0,0
1D_packet_loss_sweep,loss_0.3_speed_2,synchronized_bearing_fusion,10.999999999999993,21.999999999999986,5.4999999999999964,0.0,22.980864320203047,6.230917746429735,1.7899900774731325,True,2.168040600206927,2,2,0.0,0.0,2.2188904603629895,2.273909316256471,0,2.45282875782659,0.9831132033908637,136,0,0,0
1D_packet_loss_sweep,loss_0.3_speed_2,synchronized_bearing_fusion,11.199999999999992,22.399999999999984,5.599999999999996,0.0,23.010010096690966,6.511370687232385,1.2300960949952204,True,1.647982175429658,3,3,0.0,0.0,0.2749288008629532,0.3557708476962839,0,2.485184561150251,0.5837006031769559,140,0,0,0
1D_packet_loss_sweep,loss_0.3_speed_2,synchronized_bearing_fusion,11.399999999999991,22.799999999999983,5.699999999999996,0.0,25.29249949176798,7.292579848301765,1.8629586055378475,True,3.4956371458760036,3,3,0.0,0.0,2.39189667827709,2.995843948185112,0,2.540060124117187,0.5850246327520873,142,0,0,0
1D_packet_loss_sweep,loss_0.3_speed_2,synchronized_bearing_fusion,11.59999999999999,23.19999999999998,5.799999999999995,0.0,20.627328496091028,8.602360321859782,0.45842593568383855,True,3.831711938424762,4,4,0.0,0.0,1.4477409699044221,2.5224432666399115,0,1.7347412243926479,0.5853003808194441,143,0,0,0
1D_packet_loss_sweep,loss_0.3_speed_2,synchronized_bearing_fusion,11.79999999999999,23.59999999999998,5.899999999999995,0.0,24.709458274168924,6.254681069774292,1.118936745847408,True,1.6151519323536585,3,3,0.0,0.0,2.6392597638759736,3.586046138324966,0,2.269653140150573,0.602852746084129,144,0,0,0
1D_packet_loss_sweep,loss_0.3_speed_2,synchronized_bearing_fusion,11.99999999999999,23.99999999999998,5.999999999999995,0.0,21.323665389778174,6.975532639388391,1.7062653468782933,True,3.3205078392229237,3,3,0.0,0.0,1.485387572712444,1.8247991199411282,0,2.3405524044320956,0.591572002502406,146,0,0,0
1D_packet_loss_sweep,loss_0.3_speed_2,synchronized_bearing_fusion,12.199999999999989,24.399999999999977,6.099999999999994,0.0,,,,False,,1,1,0.0,0.0,,,0,inf,0.0,150,0,0,0
1D_packet_loss_sweep,loss_0.3_speed_2,synchronized_bearing_fusion,12.399999999999988,24.799999999999976,6.199999999999994,0.0,23.26957483570952,4.081039229214166,-0.08481396331680079,True,2.6152226176744957,3,3,0.0,0.0,2.3065077795806315,2.897562173377105,0,2.440582424806343,0.5871469044898625,153,0,0,0
1D_packet_loss_sweep,loss_0.3_speed_2,synchronized_bearing_fusion,12.599999999999987,25.199999999999974,6.299999999999994,0.0,24.585677638885013,9.226171404278855,-1.6274086474427947,True,3.404163620679354,4,4,0.0,0.0,1.9891029539894767,3.571339594475785,0,1.658251661977148,0.5997583105739921,155,0,0,0
1D_packet_loss_sweep,loss_0.3_speed_2,synchronized_bearing_fusion,12.799999999999986,25.599999999999973,6.399999999999993,0.0,26.630176568679232,6.484001214483026,-0.6287125707972646,True,1.2097931490006473,4,4,0.0,0.0,2.0629381730741496,4.0526181536170345,0,1.7186587037804402,0.5753685854485884,155,0,0,0
1D_packet_loss_sweep,loss_0.3_speed_2,synchronized_bearing_fusion,12.999999999999986,25.99999999999997,6.499999999999993,0.0,26.965785700780692,6.511019893737504,0.4367714835307588,True,1.0600154653193292,2,2,0.0,0.0,0.8170448681631902,0.8668167939602165,0,10.617228203062979,0.5852630561677146,157,0,0,0
1D_packet_loss_sweep,loss_0.3_speed_2,synchronized_bearing_fusion,13.199999999999985,26.39999999999997,6.5999999999999925,0.0,27.51522668900564,7.229801948361636,0.0113434970629453,True,1.2808238508695442,4,4,0.0,0.0,1.8981425156771548,3.0949812308953217,0,1.6686434310401588,0.5849326749932672,159,0,0,0
1D_packet_loss_sweep,loss_0.3_speed_2,synchronized_bearing_fusion,13.399999999999984,26.79999999999997,6.699999999999992,0.0,27.737494393212792,7.994494034075346,2.59213767070633,True,3.045289517510117,3,3,0.0,0.0,1.7404079706620816,2.1464681950733935,0,2.559427079253358,0.5772083725436816,160,0,0,0
1D_packet_loss_sweep,loss_0.3_speed_2,synchronized_bearing_fusion,13.599999999999984,27.199999999999967,6.799999999999992,0.0,26.7940733698355,7.532014807173932,-0.3490259841070346,True,0.9068854638709714,2,2,0.0,0.0,2.273929201820132,2.3651196881810823,0,9.641382927326926,0.6102837276467294,163,0,0,0
1D_packet_loss_sweep,loss_0.3_speed_2,synchronized_bearing_fusion,13.799999999999983,27.599999999999966,6.8999999999999915,0.0,27.438144196198493,5.278332687515906,-1.3296058471326861,True,2.1032959569050202,3,3,0.0,0.0,1.7115099474286335,2.530840214045826,0,2.5199351343166674,0.5959045104300692,166,0,0,0
1D_packet_loss_sweep,loss_0.3_speed_2,synchronized_bearing_fusion,13.999999999999982,27.999999999999964,6.999999999999991,0.0,26.300582942544157,4.983946957149718,0.44483302036677774,True,2.6740165711465274,3,3,0.0,0.0,0.8623899758817459,1.0808572361775977,0,2.3412345133059373,0.6046480528463064,168,0,0,0
1D_packet_loss_sweep,loss_0.3_speed_2,synchronized_bearing_fusion,14.199999999999982,28.399999999999963,7.099999999999991,0.0,27.867191272709928,5.010417053676432,1.5071568699133993,True,2.6309245257076133,2,2,0.0,0.0,0.6910120140874483,0.7525135440739149,0,10.76451802573506,0.5828915587597067,171,0,0,0
1D_packet_loss_sweep,loss_0.3_speed_2,synchronized_bearing_fusion,14.39999999999998,28.79999999999996,7.19999999999999,0.0,27.93387278708777,6.438774428625487,-1.8327748679220897,True,2.165341644163414,3,3,0.0,0.0,1.5262024549471864,1.9408639514963792,0,2.568914100370496,0.5942333862882101,173,0,0,0
1D_packet_loss_sweep,loss_0.3_speed_2,synchronized_bearing_fusion,14.59999999999998,29.19999999999996,7.29999999999999,0.0,28.2987360143032,6.044570012044429,2.459989720119471,True,2.9051558735574905,4,4,0.0,0.0,2.3416480911377273,3.082390148913087,0,1.708875343633167,0.573509052987278,175,0,0,0
1D_packet_loss_sweep,loss_0.3_speed_2,synchronized_bearing_fusion,14.79999999999998,29.59999999999996,7.39999999999999,0.0,28.84136468011226,7.045924294065968,-0.1387468645481206,True,0.8486152523586415,3,3,0.0,0.0,1.2310844949903774,1.5892443996068897,0,2.3935653473814096,0.5846954657637978,176,0,0,0
1D_packet_loss_sweep,loss_0.3_speed_2,synchronized_bearing_fusion,14.999999999999979,29.999999999999957,7.499999999999989,0.0,,,,False,,1,1,0.0,0.0,,,0,inf,0.0,179,0,0,0
1D_packet_loss_sweep,loss_0.3_speed_2,synchronized_bearing_fusion,15.199999999999978,30.399999999999956,7.599999999999989,0.0,29.12160575028613,6.596370300572438,-0.86803371563696,True,1.8425653211641972,4,4,0.0,0.0,2.7594446052167614,4.130913198572564,0,1.6633419645942176,0.5961538937350467,183,0,0,0
1D_packet_loss_sweep,loss_0.3_speed_2,synchronized_bearing_fusion,15.399999999999977,30.799999999999955,7.699999999999989,0.0,29.788023379490134,8.816195985067521,-0.09697961411725804,True,1.5097666055035424,4,4,0.0,0.0,1.3195401814447574,2.0914829988011823,0,1.6726350561199164,0.5883603120032204,183,0,0,0
1D_packet_loss_sweep,loss_0.3_speed_2,synchronized_bearing_fusion,15.599999999999977,31.199999999999953,7.799999999999988,0.0,30.540910316593386,6.8538561788946915,-1.772300199963685,True,2.114387698550107,4,4,0.0,0.0,1.5678953177734365,2.0005607091510558,0,1.662902150717084,0.5966021048218436,183,0,0,0
1D_packet_loss_sweep,loss_0.3_speed_2,synchronized_bearing_fusion,15.799999999999976,31.59999999999995,7.899999999999988,0.0,35.67276676548137,7.847363176448416,-1.3696303658359623,True,4.297218530657188,2,2,0.0,0.0,1.586166549525022,1.6069936357273402,0,10.298729548810455,0.5922370755134131,185,0,0,0
1D_packet_loss_sweep,loss_0.3_speed_2,synchronized_bearing_fusion,15.999999999999975,31.99999999999995,7.999999999999988,0.0,32.031141170605686,7.758572332919488,0.001826824771658771,True,0.24343464878150486,3,3,0.0,0.0,0.8615509529576278,1.014623590441482,0,2.398795522012943,0.5891848786492115,187,0,0,0
1D_packet_loss_sweep,loss_0.3_speed_2,synchronized_bearing_fusion,16.199999999999974,32.39999999999995,8.099999999999987,0.0,33.969800785741796,8.680588192473738,0.026742147760272835,True,1.6739391561889252,3,3,0.0,0.0,2.0678543315244626,2.860418702371163,0,2.3507485277076237,0.5906873735751008,190,0,0,0
1D_packet_loss_sweep,loss_0.3_speed_2,synchronized_bearing_fusion,16.399999999999974,32.79999999999995,8.199999999999987,0.0,31.435316869278818,9.516997901448576,-1.6510161567756925,True,2.514497538203048,4,4,0.0,0.0,1.18417121946062,2.0391027850796877,0,1.652965533602792,0.5923526855294202,191,0,0,0
1D_packet_loss_sweep,loss_0.3_speed_2,synchronized_bearing_fusion,16.599999999999973,33.199999999999946,8.299999999999986,0.0,32.41102970733539,9.642273319873578,-2.217621018288226,True,2.709615243665672,2,2,0.0,0.0,0.17370874050192298,0.1820300697097654,0,2.1276169592443908,0.9993468103862463,193,0,0,0
1D_packet_loss_sweep,loss_0.3_speed_2,synchronized_bearing_fusion,16.799999999999972,33.599999999999945,8.399999999999986,0.0,,,,False,,1,1,0.0,0.0,,,0,inf,0.0,196,0,0,0
1D_packet_loss_sweep,loss_0.3_speed_2,synchronized_bearing_fusion,16.99999999999997,33.99999999999994,8.499999999999986,0.0,,,,False,,1,1,0.0,0.0,,,0,inf,0.0,200,0,0,0
1D_packet_loss_sweep,loss_0.3_speed_2,synchronized_bearing_fusion,17.19999999999997,34.39999999999994,8.599999999999985,0.0,,,,False,,1,1,0.0,0.0,,,0,inf,0.0,204,0,0,0
1D_packet_loss_sweep,loss_0.3_speed_2,synchronized_bearing_fusion,17.39999999999997,34.79999999999994,8.699999999999985,0.0,36.93251435140463,9.722954519775675,-1.301084901404299,True,2.6994212952295347,2,2,0.0,0.0,1.9401537242196354,2.08895328036986,0,2.64816089499113,0.9724482057016043,210,0,0,0
1D_packet_loss_sweep,loss_0.3_speed_2,synchronized_bearing_fusion,17.59999999999997,35.19999999999994,8.799999999999985,0.0,36.972515697818814,9.185715837040275,-1.277431411849751,True,2.2186526582451958,4,4,0.0,0.0,2.6826972475491955,4.437947807863463,0,1.6643273379226302,0.5817417821665164,217,0,0,0
1D_packet_loss_sweep,loss_0.3_speed_2,synchronized_bearing_fusion,17.79999999999997,35.59999999999994,8.899999999999984,0.0,37.846601838056785,10.707749267036755,-0.7488012474750868,True,2.9792416047465218,4,4,0.0,0.0,2.7793791737339903,3.9300763499749856,0,1.6990958804709524,0.5892558734982689,217,0,0,0
1D_packet_loss_sweep,loss_0.3_speed_2,synchronized_bearing_fusion,17.999999999999968,35.999999999999936,8.999999999999984,0.0,37.543542184793395,9.22446692523533,-2.0067717119161212,True,2.5416609885089585,4,4,0.0,0.0,1.7286171268735369,2.611374171049618,0,1.7222649360190094,0.5945086366477557,217,0,0,0
1D_packet_loss_sweep,loss_0.3_speed_2,synchronized_bearing_fusion,18.199999999999967,36.399999999999935,9.099999999999984,0.0,,,,False,,1,1,0.0,0.0,,,0,inf,0.0,220,0,0,0
1D_packet_loss_sweep,loss_0.3_speed_2,synchronized_bearing_fusion,18.399999999999967,36.79999999999993,9.199999999999983,0.0,36.768213154561835,9.420067812931066,-0.22514468977821958,True,0.3164338432698157,4,4,0.0,0.0,1.0060329888080117,1.334254313751742,0,1.7030800628007015,0.5896064586439425,223,0,0,0
1D_packet_loss_sweep,loss_0.3_speed_2,synchronized_bearing_fusion,18.599999999999966,37.19999999999993,9.299999999999983,0.0,35.126542632810185,8.839603506818637,0.7703633994835664,True,2.259347284449868,2,2,0.0,0.0,0.27437874316724953,0.28047090680914283,0,2.1387816477773463,0.9981386102033629,225,0,0,0
1D_packet_loss_sweep,loss_0.3_speed_2,synchronized_bearing_fusion,18.799999999999965,37.59999999999993,9.399999999999983,0.0,38.49964413685766,11.269967236522364,0.3572498871270622,True,2.105650616912013,2,2,0.0,0.0,1.1520352048417357,1.161885697534651,0,2.155773859656743,0.9974223706301795,227,0,0,0
1D_packet_loss_sweep,loss_0.3_speed_2,synchronized_bearing_fusion,18.999999999999964,37.99999999999993,9.499999999999982,0.0,38.74462156581215,10.26446743658358,-1.8950677410952295,True,2.1748916021744904,3,3,0.0,0.0,1.7686538284268145,2.4842250007688182,0,2.284662914158146,0.6424993629207696,232,0,0,0
1D_packet_loss_sweep,loss_0.3_speed_2,synchronized_bearing_fusion,19.199999999999964,38.39999999999993,9.599999999999982,0.0,42.44594715865407,6.573071151561415,1.1049300515257197,True,5.172316413648319,3,3,0.0,0.0,2.9401280454844794,3.834487091581466,0,2.4917368214198956,0.5829610190723375,234,0,0,0
1D_packet_loss_sweep,loss_0.3_speed_2,synchronized_bearing_fusion,19.399999999999963,38.799999999999926,9.699999999999982,0.0,37.341813273483616,10.952155988527572,-0.3361544796858036,True,1.9512055204941103,2,2,0.0,0.0,0.21520658124478442,0.2195838170942452,0,2.642997682763109,0.9701559282658219,236,0,0,0
1D_packet_loss_sweep,loss_0.3_speed_2,synchronized_bearing_fusion,19.599999999999962,39.199999999999925,9.799999999999981,0.0,38.92280308791734,10.757123623455133,-1.6809116321553004,True,1.9540695161019825,4,4,0.0,0.0,1.5563369638525641,2.4568353290389013,0,1.6817025917835782,0.6088607159022291,239,0,0,0
1D_packet_loss_sweep,loss_0.3_speed_2,synchronized_bearing_fusion,19.79999999999996,39.59999999999992,9.89999999999998,0.0,38.34695199022255,8.474777272482473,0.29651899109492474,True,1.9207583528178216,4,4,0.0,0.0,0.8783927047430993,1.0944617566698231,0,1.7401749100727515,0.5867979690973644,239,0,0,0
1D_packet_loss_sweep,loss_0.3_speed_2,synchronized_bearing_fusion,19.99999999999996,39.99999999999992,9.99999999999998,0.0,44.21176635267874,9.766845477434675,1.0518959757676418,True,4.347392550113945,2,2,0.0,0.0,2.8175161468722933,2.8666097998757842,0,10.355231522423459,0.5908311586809304,241,0,0,0
1D_packet_loss_sweep,loss_0.3_speed_2,synchronized_bearing_fusion,20.19999999999996,40.39999999999992,10.09999999999998,0.0,43.018735510842966,10.858479866061854,-1.6208315380105875,True,3.1717758838829377,3,3,0.0,0.0,0.778880970924798,1.0589476146013788,0,2.3295526712050156,0.6445558915942781,244,0,0,0
1D_packet_loss_sweep,loss_0.3_speed_2,synchronized_bearing_fusion,20.39999999999996,40.79999999999992,10.19999999999998,0.0,42.939951067284966,5.819064697218038,-0.7003487280296836,True,4.925695183259751,2,2,0.0,0.0,0.8624245252971556,0.8863192934049129,0,8.689612697004565,0.6384818643287627,246,0,0,0
1D_packet_loss_sweep,loss_0.3_speed_2,synchronized_bearing_fusion,20.59999999999996,41.19999999999992,10.29999999999998,0.0,46.09703943618068,8.969948731103667,-0.48360850549330864,True,5.0974413977982875,2,2,0.0,0.0,0.24877115197681937,0.25930640060960713,0,10.083132928950558,0.5983318625094166,251,0,0,0
1D_packet_loss_sweep,loss_0.3_speed_2,synchronized_bearing_fusion,20.799999999999958,41.599999999999916,10.399999999999979,0.0,38.13502875342456,9.120078673647864,-1.4495110552096615,True,3.968035614812446,2,2,0.0,0.0,0.878192644510913,0.8969791925369812,0,9.805339764586037,0.6053963576180846,253,0,0,0
1D_packet_loss_sweep,loss_0.3_speed_2,synchronized_bearing_fusion,20.999999999999957,41.999999999999915,10.499999999999979,0.0,42.1236385809671,10.75057096851499,-1.2928637935940899,True,1.322712779764614,2,2,0.0,0.0,0.8056135164764785,0.8649101604577778,0,2.1603050530660077,0.9999553781999262,257,0,0,0
1D_packet_loss_sweep,loss_0.3_speed_2,synchronized_bearing_fusion,21.199999999999957,42.39999999999991,10.599999999999978,0.0,41.87563171425526,10.36685800191239,-0.4844263606221816,True,0.750990139237998,4,4,0.0,0.0,2.5314818693387093,3.774229381178651,0,1.7163107555770292,0.5870992665697764,261,0,0,0
1D_packet_loss_sweep,loss_0.3_speed_2,synchronized_bearing_fusion,21.399999999999956,42.79999999999991,10.699999999999978,0.0,42.3603706771035,9.113205743870308,-1.4022317220630771,True,2.162739872290807,2,2,0.0,0.0,1.3204095738977046,1.3473203455783629,0,2.1868409177523365,0.9965504161643751,263,0,0,0
1D_packet_loss_sweep,loss_0.3_speed_2,synchronized_bearing_fusion,21.599999999999955,43.19999999999991,10.799999999999978,0.0,49.35226843113058,8.67112015614265,0.8989194593472689,True,6.571954993201205,3,3,0.0,0.0,1.653714097455415,2.33978830177474,0,2.52420872254708,0.5908416159523164,265,0,0,0
1D_packet_loss_sweep,loss_0.3_speed_2,synchronized_bearing_fusion,21.799999999999955,43.59999999999991,10.899999999999977,0.0,43.75930608662057,10.841833654575694,0.5058769907440632,True,0.5335478261024734,4,4,0.0,0.0,0.8477916413997213,1.0312802775033638,0,1.7005787480554295,0.5998150332052469,267,0,0,0
1D_packet_loss_sweep,loss_0.3_speed_2,synchronized_bearing_fusion,21.999999999999954,43.99999999999991,10.999999999999977,0.0,44.30289497457347,10.150801072540819,1.458304905482559,True,1.7145079123101759,2,2,0.0,0.0,0.6936111501926507,0.7204586770032848,0,2.73093414401581,0.9642388368370318,269,0,0,0
1D_packet_loss_sweep,loss_0.3_speed_2,synchronized_bearing_fusion,22.199999999999953,44.399999999999906,11.099999999999977,0.0,45.81310174670749,10.816211396008844,-1.9928394464406214,True,2.4594311491873517,2,2,0.0,0.0,1.4591181698553886,1.5253727115235778,0,2.229418430460113,0.9957182074990542,273,0,0,0
1D_packet_loss_sweep,loss_0.3_speed_2,synchronized_bearing_fusion,22.399999999999952,44.799999999999905,11.199999999999976,0.0,44.24668585490664,10.989382404305955,-1.9845069906391197,True,2.0709380267578648,4,4,0.0,0.0,2.2994709974722234,3.9008499480443204,0,1.6876664394223522,0.6014917995122251,275,0,0,0
1D_packet_loss_sweep,loss_0.3_speed_2,synchronized_bearing_fusion,22.59999999999995,45.1999999999999,11.299999999999976,0.0,44.6154898449912,11.787986902658396,0.04877579581493065,True,0.7629956859195429,4,4,0.0,0.0,1.8887449976903872,2.920396887981154,0,1.6657757273571026,0.6043474516444896,275,0,0,0
1D_packet_loss_sweep,loss_0.3_speed_2,synchronized_bearing_fusion,22.79999999999995,45.5999999999999,11.399999999999975,0.0,47.07265878810052,11.714716028035898,1.4478317252723913,True,2.0890157465126764,4,4,0.0,0.0,1.9147155089256098,2.5690729907422987,0,1.7128133924487463,0.6039225833652748,275,0,0,0
1D_packet_loss_sweep,loss_0.3_speed_2,synchronized_bearing_fusion,22.99999999999995,45.9999999999999,11.499999999999975,0.0,45.43245008286268,11.11896120216159,-0.2337838259934848,True,0.7224668512788255,4,4,0.0,0.0,2.514539317458943,3.3641135940886584,0,1.7270311025620613,0.6159758130611469,275,0,0,0
1D_packet_loss_sweep,loss_0.3_speed_2,synchronized_bearing_fusion,23.19999999999995,46.3999999999999,11.599999999999975,0.0,47.96804032810362,10.164959006818336,0.29536457544247546,True,2.146004043588381,3,3,0.0,0.0,2.2515033912033435,3.2384046423515533,0,2.4455314686138596,0.6045453903290575,276,0,0,0
1D_packet_loss_sweep,loss_0.3_speed_2,synchronized_bearing_fusion,23.39999999999995,46.7999999999999,11.699999999999974,0.0,46.50084819673776,12.679364064057562,1.5247554299359474,True,1.8367157897948005,2,2,0.0,0.0,1.169890261989523,1.1891984139239498,0,8.519993571092996,0.6438113370851754,279,0,0,0
1D_packet_loss_sweep,loss_0.3_speed_2,synchronized_bearing_fusion,23.599999999999948,47.199999999999896,11.799999999999974,0.0,45.92482048950043,11.272115979902237,-0.649827750632538,True,1.5254574488212844,3,3,0.0,0.0,1.5176706288698643,2.0775622075162032,0,2.442239052710521,0.6012132513131728,282,0,0,0
1D_packet_loss_sweep,loss_0.3_speed_2,synchronized_bearing_fusion,23.799999999999947,47.599999999999895,11.899999999999974,0.0,47.652153749041574,12.014910966356632,-2.284018149167462,True,2.2875015736507116,4,4,0.0,0.0,2.1211029668087766,3.555411861682485,0,1.7253134950587747,0.6141898014955597,283,0,0,0
1D_packet_loss_sweep,loss_0.3_speed_2,synchronized_bearing_fusion,23.999999999999947,47.99999999999989,11.999999999999973,0.0,47.322646901733904,12.081070613652697,-1.4074916557310704,True,1.5641011556421642,3,3,0.0,0.0,1.035062903675838,1.4241881480063685,0,2.179887458853465,0.6602240968303204,284,0,0,0
1D_packet_loss_sweep,loss_0.3_speed_2,synchronized_bearing_fusion,24.199999999999946,48.39999999999989,12.099999999999973,0.0,46.5189397988587,10.382202734254728,-1.1760291071077391,True,2.8057546912165714,2,2,0.0,0.0,1.7276364470882795,1.7768101638938676,0,2.580575121972232,0.9747585471211561,287,0,0,0
1D_packet_loss_sweep,loss_0.3_speed_2,synchronized_bearing_fusion,24.399999999999945,48.79999999999989,12.199999999999973,0.0,46.49230910104751,11.57935118121611,0.7396090136074464,True,2.5015322773002207,3,3,0.0,0.0,0.9721147051454225,1.356591640859412,0,2.4075355968455994,0.5859136017386873,289,0,0,0
1D_packet_loss_sweep,loss_0.3_speed_2,synchronized_bearing_fusion,24.599999999999945,49.19999999999989,12.299999999999972,0.0,50.83109541945979,11.816878476008371,1.6716257712676141,True,2.3849971474811227,3,3,0.0,0.0,1.6851155054917821,2.021344686267458,0,2.46408176970964,0.6048680762996151,290,0,0,0
1D_packet_loss_sweep,loss_0.3_speed_2,synchronized_bearing_fusion,24.799999999999944,49.59999999999989,12.399999999999972,0.0,50.01237846247861,11.479928792133581,0.46821096180719235,True,1.1116692532482173,3,3,0.0,0.0,1.7874238215729967,2.5828568346870817,0,2.231336789292791,0.6631971984547591,294,0,0,0
1D_packet_loss_sweep,loss_0.3_speed_2,synchronized_bearing_fusion,24.999999999999943,49.999999999999886,12.499999999999972,0.0,50.206446100816386,10.728528379039178,1.1704356333033836,True,2.1332255549093,4,4,0.0,0.0,1.8451178610972283,3.0345085644290664,0,1.6690775980830301,0.6027125203359243,295,0,0,0
1D_packet_loss_sweep,loss_0.3_speed_2,synchronized_bearing_fusion,25.199999999999942,50.399999999999885,12.599999999999971,0.0,49.67857361596675,14.946681648390939,-0.43743183185443957,True,2.493735630333257,3,3,0.0,0.0,2.160538264859753,3.0220979957766567,0,2.2596133938066227,0.664663848350453,296,0,0,0
1D_packet_loss_sweep,loss_0.3_speed_2,synchronized_bearing_fusion,25.39999999999994,50.79999999999988,12.69999999999997,0.0,50.379569442177456,12.451204013263862,0.02890301762538404,True,0.4893839815469294,4,4,0.0,0.0,1.4842074992396592,2.4823229203115837,0,1.71417024339388,0.6033282392485204,297,0,0,0
1D_packet_loss_sweep,loss_0.3_speed_2,synchronized_bearing_fusion,25.59999999999994,51.19999999999988,12.79999999999997,0.0,,,,False,,1,1,0.0,0.0,,,0,inf,0.0,300,0,0,0
1D_packet_loss_sweep,loss_0.3_speed_2,synchronized_bearing_fusion,25.79999999999994,51.59999999999988,12.89999999999997,0.0,51.98955885152494,14.850154902226787,-1.409556615678184,True,2.4375623262355663,3,3,0.0,0.0,1.5706298082298638,2.1841032522371786,0,2.4404759169924732,0.66708694540413,303,0,0,0
1D_packet_loss_sweep,loss_0.3_speed_2,synchronized_bearing_fusion,25.99999999999994,51.99999999999988,12.99999999999997,0.0,52.6115378270006,11.470991135119306,1.038504421637773,True,1.94687905543658,3,3,0.0,0.0,2.6103950863064598,3.3805306123688736,0,2.5369197205717957,0.5960159226125549,306,0,0,0
1D_packet_loss_sweep,loss_0.3_speed_2,synchronized_bearing_fusion,26.19999999999994,52.39999999999988,13.09999999999997,0.0,52.54219510507228,10.847701786458819,-3.556028152472869,True,4.211698340551804,2,2,0.0,0.0,1.2248893123369595,1.3180678413827887,0,7.543675298089363,0.6801710068532764,309,0,0,0
1D_packet_loss_sweep,loss_0.3_speed_2,synchronized_bearing_fusion,26.399999999999938,52.799999999999876,13.199999999999969,0.0,52.341531276722264,12.82373859715825,-0.6983382785468165,True,0.9162109826759077,4,4,0.0,0.0,0.9753119240449823,1.375954755498549,0,1.6831938205465895,0.6023321263007723,311,0,0,0
1D_packet_loss_sweep,loss_0.3_speed_2,synchronized_bearing_fusion,26.599999999999937,53.199999999999875,13.299999999999969,0.0,,,,False,,1,1,0.0,0.0,,,0,inf,0.0,314,0,0,0
1D_packet_loss_sweep,loss_0.3_speed_2,synchronized_bearing_fusion,26.799999999999937,53.59999999999987,13.399999999999968,0.0,,,,False,,1,1,0.0,0.0,,,0,inf,0.0,317,0,0,0
1D_packet_loss_sweep,loss_0.3_speed_2,synchronized_bearing_fusion,26.999999999999936,53.99999999999987,13.499999999999968,0.0,56.19605531005934,14.030979020466717,1.0693582799599295,True,2.4996249270510735,2,2,0.0,0.0,0.038598385268511615,0.03977220604709854,0,9.795491605657809,0.6058076272408748,321,0,0,0
1D_packet_loss_sweep,loss_0.3_speed_2,synchronized_bearing_fusion,27.199999999999935,54.39999999999987,13.599999999999968,0.0,53.83812552715558,18.439340425737182,-1.4987784338825825,True,5.097181130122808,3,3,0.0,0.0,3.5789187920783454,3.939037170030037,0,2.3944627521590784,0.6812866163774964,328,0,0,0
1D_packet_loss_sweep,loss_0.3_speed_2,synchronized_bearing_fusion,27.399999999999935,54.79999999999987,13.699999999999967,0.0,55.11806733634827,13.776574368843828,-1.3961190834736201,True,1.4339382691227758,2,2,0.0,0.0,0.34796542698182104,0.35962807697066784,0,2.3197565156045177,0.99101122423668,331,0,0,0
1D_packet_loss_sweep,loss_0.3_speed_2,synchronized_bearing_fusion,27.599999999999934,55.19999999999987,13.799999999999967,0.0,54.30723506590156,13.740526187674435,1.259852030457029,True,1.545248685666741,3,3,0.0,0.0,1.1451287002403474,1.612740605548134,0,2.4139280910104564,0.6039960793590649,334,0,0,0
1D_packet_loss_sweep,loss_0.3_speed_2,synchronized_bearing_fusion,27.799999999999933,55.599999999999866,13.899999999999967,0.0,55.71333174280597,14.60075684389199,0.5247883263562676,True,0.8827836799968554,3,3,0.0,0.0,1.0252713492174108,1.4056072895478438,0,2.2758460043453743,0.6705840613423075,336,0,0,0
1D_packet_loss_sweep,loss_0.3_speed_2,synchronized_bearing_fusion,27.999999999999932,55.999999999999865,13.999999999999966,0.0,55.41495089539979,13.014991516015167,-1.1783624388676381,True,1.6434908596184736,3,3,0.0,0.0,1.1759009332942003,1.7178489204381728,0,2.3264398168143674,0.6795896428834652,337,0,0,0
1D_packet_loss_sweep,loss_0.3_speed_2,synchronized_bearing_fusion,28.199999999999932,56.399999999999864,14.099999999999966,0.0,,,,False,,1,1,0.0,0.0,,,0,inf,0.0,340,0,0,0
1D_packet_loss_sweep,loss_0.3_speed_2,synchronized_bearing_fusion,28.39999999999993,56.79999999999986,14.199999999999966,0.0,59.45976799370644,15.951651031620086,-1.9663162891713382,True,3.7428661298505324,3,3,0.0,0.0,2.0304929080428713,2.4058664197653825,0,2.5926272850608774,0.6162415574290377,346,0,0,0
1D_packet_loss_sweep,loss_0.3_speed_2,synchronized_bearing_fusion,28.59999999999993,57.19999999999986,14.299999999999965,0.0,58.31816411402009,13.551890645265182,-0.20068511127888325,True,1.3602327397961576,4,4,0.0,0.0,2.195771347062689,3.8558400669964783,0,1.7221952042957052,0.6188452207035329,347,0,0,0
1D_packet_loss_sweep,loss_0.3_speed_2,synchronized_bearing_fusion,28.79999999999993,57.59999999999986,14.399999999999965,0.0,57.886770112545285,16.095014996952347,-0.366137585688537,True,1.7576602825906467,3,3,0.0,0.0,0.534837964812362,0.6403786404309506,0,2.1128407329569407,0.6842501926162811,348,0,0,0
1D_packet_loss_sweep,loss_0.3_speed_2,synchronized_bearing_fusion,28.99999999999993,57.99999999999986,14.499999999999964,0.0,57.86644382475291,14.712171441445069,-0.08143187504570945,True,0.2636003087724782,4,4,0.0,0.0,1.4994743204601544,1.8500305106202024,0,1.6657117527915148,0.6101357541298015,349,0,0,0
1D_packet_loss_sweep,loss_0.3_speed_2,synchronized_bearing_fusion,29.19999999999993,58.39999999999986,14.599999999999964,0.0,,,,False,,1,1,0.0,0.0,,,0,inf,0.0,352,0,0,0
1D_packet_loss_sweep,loss_0.3_speed_2,synchronized_bearing_fusion,29.399999999999928,58.799999999999855,14.699999999999964,0.0,58.40657498401783,15.70784956537819,1.5613633859798428,True,1.899578798763551,3,3,0.0,0.0,0.6601013095491806,0.8737553166725006,0,2.2237428509264454,0.6859327444182457,356,0,0,0
1D_packet_loss_sweep,loss_0.3_speed_2,synchronized_bearing_fusion,29.599999999999927,59.199999999999854,14.799999999999963,0.0,61.322581789412304,16.145369926735857,-2.754679847801011,True,3.7287578033966895,2,2,0.0,0.0,2.419446962323189,2.49885140611182,0,2.9532321465216187,0.9469855589069089,358,0,0,0
1D_packet_loss_sweep,loss_0.3_speed_2,synchronized_bearing_fusion,29.799999999999926,59.59999999999985,14.899999999999963,0.0,57.55095233648896,16.73127094572415,1.4503380442881577,True,3.107350969347139,3,3,0.0,0.0,2.8638175562819406,3.811977579650524,0,2.172086784320894,0.6833020825878591,362,0,0,0
1D_packet_loss_sweep,loss_0.3_speed_2,synchronized_bearing_fusion,29.999999999999925,59.99999999999985,14.999999999999963,0.0,46.40593216303989,17.774144153090152,2.618714773769495,True,14.11921468086495,2,2,0.0,0.0,3.4613526892597277,3.7324606333815384,0,9.883296592455393,0.6049945783732925,365,0,0,0
1D_packet_loss_sweep,loss_0.3_speed_2,synchronized_bearing_fusion,30.199999999999925,60.39999999999985,15.099999999999962,0.0,57.82983169535548,13.165931242340601,-0.3848764580838297,True,3.2395241875219405,3,3,0.0,0.0,2.4892512173366317,2.9351782511464055,0,2.592902400595437,0.6107953448092428,367,0,0,0
1D_packet_loss_sweep,loss_0.3_speed_2,synchronized_bearing_fusion,30.399999999999924,60.79999999999985,15.199999999999962,0.0,62.2105149408423,15.445578220366118,0.38451930531970446,True,1.482469614130943,3,3,0.0,0.0,0.9801778123622822,1.2616696816032944,0,2.198191273465522,0.6960734967523223,370,0,0,0
1D_packet_loss_sweep,loss_0.3_speed_2,synchronized_bearing_fusion,30.599999999999923,61.19999999999985,15.299999999999962,0.0,59.08486005736403,12.572152537009734,-0.23538471332135089,True,3.4598229321080916,3,3,0.0,0.0,0.8198051724979636,1.0688447521722357,0,2.594765439612178,0.6111125240382196,372,0,0,0
1D_packet_loss_sweep,loss_0.3_speed_2,synchronized_bearing_fusion,30.799999999999923,61.599999999999845,15.399999999999961,0.0,70.30623239433864,14.785677356739319,1.2197990684609774,True,8.812705860385627,2,2,0.0,0.0,0.4315427828182107,0.43752764717232284,0,9.483597903633544,0.6143115361614992,374,0,0,0
1D_packet_loss_sweep,loss_0.3_speed_2,synchronized_bearing_fusion,30.999999999999922,61.999999999999844,15.499999999999961,0.0,64.91993126204761,16.71217157261921,-0.09231604841042601,True,3.1628912009969943,4,4,0.0,0.0,2.271720504949128,3.3347765355623165,0,1.7463298620484107,0.6220904625193325,377,0,0,0
1D_packet_loss_sweep,loss_0.3_speed_2,synchronized_bearing_fusion,31.19999999999992,62.39999999999984,15.59999999999996,0.0,60.15078447834285,16.296206105186755,1.1854874899361496,True,2.6361058386485956,2,2,0.0,0.0,0.36881611907989803,0.3893191402761341,0,2.9824035522553025,0.9456528465203389,379,0,0,0
1D_packet_loss_sweep,loss_0.3_speed_2,synchronized_bearing_fusion,31.39999999999992,62.79999999999984,15.69999999999996,0.0,64.87216228521001,14.27621998705492,0.2778272152767914,True,2.5294651654169233,3,3,0.0,0.0,0.7678756594763764,1.037809544326279,0,2.554454293724182,0.6212145104097491,382,0,0,0
1D_packet_loss_sweep,loss_0.3_speed_2,synchronized_bearing_fusion,31.59999999999992,63.19999999999984,15.79999999999996,0.0,65.50915729815509,14.621116866056004,0.4821436910920789,True,2.6371263545725423,4,4,0.0,0.0,3.0307497238793952,4.6881800940487315,0,1.6704865053353724,0.6348168032347863,383,0,0,0
1D_packet_loss_sweep,loss_0.3_speed_2,synchronized_bearing_fusion,31.79999999999992,63.59999999999984,15.89999999999996,0.0,61.69524424488472,17.000978731071644,-0.387905437302972,True,2.233991781812456,4,4,0.0,0.0,1.3626713190917734,1.9673645106976536,0,1.7075640765585307,0.6184605877754872,383,0,0,0
1D_packet_loss_sweep,loss_0.3_speed_2,synchronized_bearing_fusion,31.99999999999992,63.99999999999984,15.99999999999996,0.0,60.90581268188545,19.44260069710071,-0.3920585807291438,True,4.645342253266364,3,3,0.0,0.0,3.0520354355316073,4.094069844345528,0,2.2645909147952783,0.7009544570700703,384,0,0,0
1D_packet_loss_sweep,loss_0.3_speed_2,synchronized_bearing_fusion,32.19999999999992,64.39999999999984,16.09999999999996,0.0,66.43815230588812,15.228913812718263,0.007219909508427921,True,2.216508085878331,3,3,0.0,0.0,1.6393149379562615,2.2672540199055673,0,2.5261880260018095,0.621825855576213,386,0,0,0
1D_packet_loss_sweep,loss_0.3_speed_2,synchronized_bearing_fusion,32.39999999999992,64.79999999999984,16.19999999999996,0.0,63.225374485826755,14.598579504467187,-1.6612284207360846,True,2.7935055001303635,2,2,0.0,0.0,1.109605298480696,1.135880343305604,0,8.949421319412634,0.6302670355355717,388,0,0,0
1D_packet_loss_sweep,loss_0.3_speed_2,synchronized_bearing_fusion,32.59999999999992,65.19999999999985,16.29999999999996,0.0,66.96467298338189,15.074216750118923,-0.4036293704380528,True,2.186214075210297,3,3,0.0,0.0,0.2963832005135096,0.4055521709041455,0,2.4508175096360816,0.6285861925242209,390,0,0,0
1D_packet_loss_sweep,loss_0.3_speed_2,synchronized_bearing_fusion,32.799999999999926,65.59999999999985,16.399999999999963,0.0,65.94867218391092,16.787221590439366,0.42968277711523456,True,0.6753814780442168,3,3,0.0,0.0,1.5215533772309244,2.0476581895766746,0,2.1945521181865923,0.7054369590682057,394,0,0,0
1D_packet_loss_sweep,loss_0.3_speed_2,synchronized_bearing_fusion,32.99999999999993,65.99999999999986,16.499999999999964,0.0,70.95409097419947,16.863983167229787,-1.5112463478175229,True,5.192241004659217,2,2,0.0,0.0,0.5279356182487978,0.5599422200872965,0,9.027575534468049,0.6288552074656887,397,0,0,0
1D_packet_loss_sweep,loss_0.3_speed_2,synchronized_bearing_fusion,33.19999999999993,66.39999999999986,16.599999999999966,0.0,63.57058770403539,15.678694759285332,0.8105691520069881,True,3.084055712419692,2,2,0.0,0.0,0.17181730778146653,0.17652234501018416,0,3.013689271512148,0.9420862113698297,400,0,0,0
1D_packet_loss_sweep,loss_0.3_speed_2,synchronized_bearing_fusion,33.399999999999935,66.79999999999987,16.699999999999967,0.0,65.90064523235597,15.904084896597666,0.176023676495712,True,1.2137974232114577,4,4,0.0,0.0,1.7831696042631369,2.428197537533973,0,1.6874960557033103,0.627318681781979,403,0,0,0
1D_packet_loss_sweep,loss_0.3_speed_2,synchronized_bearing_fusion,33.59999999999994,67.19999999999987,16.79999999999997,0.0,67.28260211747171,16.695104960668505,-0.09927544450123679,True,0.16637816253372448,4,4,0.0,0.0,1.4330857368927936,2.5185685923499954,0,1.7569341822609739,0.6237688619222678,403,0,0,0
1D_packet_loss_sweep,loss_0.3_speed_2,synchronized_bearing_fusion,33.79999999999994,67.59999999999988,16.89999999999997,0.0,67.7441927874204,17.677673260364703,0.23744617792610004,True,0.8258013969727382,3,3,0.0,0.0,1.3849619502534498,2.030969059138557,0,2.2195569506509853,0.7102246423231283,404,0,0,0
1D_packet_loss_sweep,loss_0.3_speed_2,synchronized_bearing_fusion,33.99999999999994,67.99999999999989,16.99999999999997,0.0,,,,False,,1,1,0.0,0.0,,,0,inf,0.0,407,0,0,0
1D_packet_loss_sweep,loss_0.3_speed_2,synchronized_bearing_fusion,34.199999999999946,68.39999999999989,17.099999999999973,0.0,69.11884346517802,17.602515997958786,-1.2453265958132256,True,1.5231863267091106,4,4,0.0,0.0,1.5767350052340388,2.291164733590911,0,1.7446503822029489,0.6255957495714789,411,0,0,0
1D_packet_loss_sweep,loss_0.3_speed_2,synchronized_bearing_fusion,34.39999999999995,68.7999999999999,17.199999999999974,0.0,67.90734601220984,17.792647529287116,0.05765557817136217,True,1.073026747840852,3,3,0.0,0.0,1.0823014838760008,1.3615044584542917,0,2.4365515500815182,0.6264662343367993,412,0,0,0
1D_packet_loss_sweep,loss_0.3_speed_2,synchronized_bearing_fusion,34.59999999999995,69.1999999999999,17.299999999999976,0.0,70.53022639591957,15.123418894623189,-1.1789526672565196,True,2.810148922088636,2,2,0.0,0.0,2.817273507356273,2.910861830733449,0,2.842340549709769,0.9556054142915067,414,0,0,0
1D_packet_loss_sweep,loss_0.3_speed_2,synchronized_bearing_fusion,34.799999999999955,69.59999999999991,17.399999999999977,0.0,71.44699586816083,17.481106830888052,1.2180783958563568,True,2.2139753913429576,4,4,0.0,0.0,1.5004076540118465,2.600075668441199,0,1.8093668879135947,0.6173543795221781,417,0,0,0
1D_packet_loss_sweep,loss_0.3_speed_2,synchronized_bearing_fusion,34.99999999999996,69.99999999999991,17.49999999999998,0.0,70.51595073933656,16.23688977089749,-0.8988632678895067,True,1.6338934453159337,4,4,0.0,0.0,1.0584188454776786,1.7078676880791375,0,1.7128467614270624,0.6314427221586295,417,0,0,0
1D_packet_loss_sweep,loss_0.3_speed_2,synchronized_bearing_fusion,35.19999999999996,70.39999999999992,17.59999999999998,0.0,69.74467949141591,16.806309275112596,0.19541971386752188,True,1.0476539506493223,2,2,0.0,0.0,0.409167409636882,0.41475247738513615,0,2.8489475441284267,0.954659063316623,419,0,0,0
1D_packet_loss_sweep,loss_0.3_speed_2,synchronized_bearing_fusion,35.39999999999996,70.79999999999993,17.69999999999998,0.0,71.61932067161325,20.09029228317154,-0.5701235662277755,True,2.5903328826022896,2,2,0.0,0.0,0.12987709782733775,0.13515675845516134,0,2.827689055806489,0.9569927274998523,421,0,0,0
1D_packet_loss_sweep,loss_0.3_speed_2,synchronized_bearing_fusion,35.599999999999966,71.19999999999993,17.799999999999983,0.0,68.93460508433161,15.38978810201196,-2.732219683445879,True,4.290240076702937,2,2,0.0,0.0,0.33882372741392147,0.34505917893422483,0,2.0539216372808498,0.9998246542921505,427,0,0,0
1D_packet_loss_sweep,loss_0.3_speed_2,synchronized_bearing_fusion,35.79999999999997,71.59999999999994,17.899999999999984,0.0,69.1913363700172,19.97732554000314,-0.9705238858258727,True,3.3254862042278246,3,3,0.0,0.0,2.4629420589232587,3.432514145965089,0,2.490836098545061,0.6434186046885892,429,0,0,0
1D_packet_loss_sweep,loss_0.3_speed_2,synchronized_bearing_fusion,35.99999999999997,71.99999999999994,17.999999999999986,0.0,73.96789026982108,16.546879325985262,-2.5436146967638553,True,3.529040596663462,3,3,0.0,0.0,1.6448543642079703,2.13927869754449,0,2.0976776605388934,0.7434762673362997,432,0,0,0
1D_packet_loss_sweep,loss_0.3_speed_2,synchronized_bearing_fusion,36.199999999999974,72.39999999999995,18.099999999999987,0.0,73.971605168711,22.199812324881986,-2.042327966208958,True,4.842469145707883,3,3,0.0,0.0,1.944424001401212,2.7763176876488775,0,2.1408825766928317,0.743037121641273,433,0,0,0
1D_packet_loss_sweep,loss_0.3_speed_2,synchronized_bearing_fusion,36.39999999999998,72.79999999999995,18.19999999999999,0.0,74.0990961996942,19.428093407397814,-0.6382412520219336,True,1.8982139629495305,3,3,0.0,0.0,1.354567083934634,1.7570705020245923,0,2.0473044502995426,0.7399107636316665,436,0,0,0
1D_packet_loss_sweep,loss_0.3_speed_2,synchronized_bearing_fusion,36.59999999999998,73.19999999999996,18.29999999999999,0.0,72.3215382880402,16.79591702066675,-2.1280115276888285,True,2.7499806635821584,3,3,0.0,0.0,2.1885995943040335,3.0210024592662923,0,2.513892662298715,0.6537839450575521,438,0,0,0
1D_packet_loss_sweep,loss_0.3_speed_2,synchronized_bearing_fusion,36.79999999999998,73.59999999999997,18.39999999999999,0.0,73.09146610649013,17.332475288247423,1.3949290895627018,True,1.8286724408594626,3,3,0.0,0.0,0.8190325039546832,0.9916117754204907,0,2.070046971936276,0.7239198435693124,440,0,0,0
1D_packet_loss_sweep,loss_0.3_speed_2,synchronized_bearing_fusion,36.999999999999986,73.99999999999997,18.499999999999993,0.0,,,,False,,1,1,0.0,0.0,,,0,inf,0.0,443,0,0,0
1D_packet_loss_sweep,loss_0.3_speed_2,synchronized_bearing_fusion,37.19999999999999,74.39999999999998,18.599999999999994,0.0,73.30457879478685,19.40328262630746,-0.17310717194884576,True,1.369370909409911,3,3,0.0,0.0,0.6040840107723675,0.8358769485893659,0,2.5351463690115783,0.6361010775981808,447,0,0,0
1D_packet_loss_sweep,loss_0.3_speed_2,synchronized_bearing_fusion,37.39999999999999,74.79999999999998,18.699999999999996,0.0,76.44966801264849,21.5170361608029,-1.4928938448766529,True,3.589683734717785,4,4,0.0,0.0,3.1080711358845687,5.023944262400146,0,1.7199871926870425,0.6344287133042221,449,0,0,0
1D_packet_loss_sweep,loss_0.3_speed_2,synchronized_bearing_fusion,37.599999999999994,75.19999999999999,18.799999999999997,0.0,77.09138163537752,19.34036016503749,-0.7301103277947846,True,2.0981836643524145,4,4,0.0,0.0,3.1258772195414233,4.490235809772445,0,1.7663474264921981,0.6399109106715618,449,0,0,0
1D_packet_loss_sweep,loss_0.3_speed_2,synchronized_bearing_fusion,37.8,75.6,18.9,0.0,77.39065646705224,19.895179255470232,-0.3617718327770708,True,2.0803151666286515,3,3,0.0,0.0,2.1702061606057597,3.0153613222410316,0,2.6105298870872597,0.6382492238342311,450,0,0,0
1D_packet_loss_sweep,loss_0.3_speed_2,synchronized_bearing_fusion,38.0,76.0,19.0,0.0,75.94219682982848,18.856736388467144,0.19199051430811054,True,0.2464265132967798,4,4,0.0,0.0,1.02564985919844,1.5582119828349932,0,1.6986531693521048,0.6357040453798496,451,0,0,0
1D_packet_loss_sweep,loss_0.3_speed_2,synchronized_bearing_fusion,38.2,76.4,19.1,0.0,73.21061830040821,21.011698811762617,0.5877289227001133,True,3.764594700517422,3,3,0.0,0.0,3.021547454801637,3.761960656098753,0,2.6263083477099785,0.6367925308307548,452,0,0,0
1D_packet_loss_sweep,loss_0.3_speed_2,synchronized_bearing_fusion,38.400000000000006,76.80000000000001,19.200000000000003,0.0,77.0925625113903,22.863746700829342,0.19597611996950348,True,3.680630292559572,3,3,0.0,0.0,1.865399398025059,2.6294779653463363,0,2.1329565588898767,0.7363565983824023,454,0,0,0
1D_packet_loss_sweep,loss_0.3_speed_2,synchronized_bearing_fusion,38.60000000000001,77.20000000000002,19.300000000000004,0.0,77.90222474407292,17.00743293833701,-2.2382852594141482,True,3.280076862806878,3,3,0.0,0.0,1.7945777210443719,2.2578789734488525,0,2.0777181208079227,0.75251846491834,455,0,0,0
1D_packet_loss_sweep,loss_0.3_speed_2,synchronized_bearing_fusion,38.80000000000001,77.60000000000002,19.400000000000006,0.0,74.76705839708083,19.873186551462418,0.37426770050568575,True,2.8964702569985183,3,3,0.0,0.0,2.2299519203532614,2.997087960617933,0,2.4623815742382993,0.6314347768988259,458,0,0,0
1D_packet_loss_sweep,loss_0.3_speed_2,synchronized_bearing_fusion,39.000000000000014,78.00000000000003,19.500000000000007,0.0,77.78729449780597,20.280938264117054,-0.42558045294897845,True,0.9144544411604275,2,2,0.0,0.0,0.3924069255615724,0.4052411172817883,0,2.092670564922701,0.9995537656269522,460,0,0,0
1D_packet_loss_sweep,loss_0.3_speed_2,synchronized_bearing_fusion,39.20000000000002,78.40000000000003,19.60000000000001,0.0,78.69602036070562,19.982966523139275,-1.0560196140406488,True,1.1616664052283698,4,4,0.0,0.0,0.7417339755688035,0.9548881812081375,0,1.7737882766755604,0.6472994053270985,463,0,0,0
1D_packet_loss_sweep,loss_0.3_speed_2,synchronized_bearing_fusion,39.40000000000002,78.80000000000004,19.70000000000001,0.0,78.98838218967823,18.995971473555997,-0.4551192379775032,True,0.8592307816949428,4,4,0.0,0.0,1.1055124851333908,1.8107385622413557,0,1.6976932825626057,0.6449157870254477,463,0,0,0
1D_packet_loss_sweep,loss_0.3_speed_2,synchronized_bearing_fusion,39.60000000000002,79.20000000000005,19.80000000000001,0.0,,,,False,,1,1,0.0,0.0,,,0,inf,0.0,466,0,0,0
1D_packet_loss_sweep,loss_0.3_speed_2,synchronized_bearing_fusion,39.800000000000026,79.60000000000005,19.900000000000013,0.0,76.15956496456602,21.457866157025673,-1.1486531586370847,True,3.9475238156463153,3,3,0.0,0.0,1.661216237685185,2.0815528846017815,0,2.48962671940516,0.6450498612603742,469,0,0,0
1D_packet_loss_sweep,loss_0.3_speed_2,synchronized_bearing_fusion,40.00000000000003,80.00000000000006,20.000000000000014,0.0,78.48532776740846,20.67975412982821,-1.3796817481281234,True,2.1586614777033395,3,3,0.0,0.0,2.0443485279100595,2.474449027581792,0,2.0986019420479085,0.7530929311048652,472,0,0,0
1D_packet_loss_sweep,loss_0.3_speed_2,synchronized_bearing_fusion,40.20000000000003,80.40000000000006,20.100000000000016,0.0,79.72241054443548,21.20019649214615,-3.348920738663831,True,3.589544526186529,3,3,0.0,0.0,1.5442403514138885,2.1480519350701144,0,2.6243786498425394,0.6536331382710393,474,0,0,0
1D_packet_loss_sweep,loss_0.3_speed_2,synchronized_bearing_fusion,40.400000000000034,80.80000000000007,20.200000000000017,0.0,80.24484827761879,21.146729178084417,-0.11474749959881378,True,1.103474766437116,2,2,0.0,0.0,0.21035203018779344,0.21550165790031195,0,2.9676275559954024,0.9456321479351084,476,0,0,0
1D_packet_loss_sweep,loss_0.3_speed_2,synchronized_bearing_fusion,40.60000000000004,81.20000000000007,20.30000000000002,0.0,80.66173783906581,20.247684918529735,-0.42176648260429705,True,0.6858206671508735,2,2,0.0,0.0,1.6433380629044234,1.682130294904828,0,2.6407544054946657,0.9703866367759656,479,0,0,0
1D_packet_loss_sweep,loss_0.3_speed_2,synchronized_bearing_fusion,40.80000000000004,81.60000000000008,20.40000000000002,0.0,80.58911192545581,21.59020664268536,1.3561878340509768,True,2.0682678725871093,2,2,0.0,0.0,0.8138151495923185,0.8215953672905227,0,2.9694667970525668,0.9452478567765534,482,0,0,0
1D_packet_loss_sweep,loss_0.3_speed_2,synchronized_bearing_fusion,41.00000000000004,82.00000000000009,20.50000000000002,0.0,79.99357412371504,20.193189646944468,-0.17193692356081947,True,2.0370173527615965,3,3,0.0,0.0,1.375148593866901,1.812922225844907,0,2.103957309276505,0.7509798473791283,488,0,0,0
1D_packet_loss_sweep,loss_0.3_speed_2,synchronized_bearing_fusion,41.200000000000045,82.40000000000009,20.600000000000023,0.0,82.45501939647197,19.5262968989374,0.682121718390937,True,1.273246057099816,3,3,0.0,0.0,1.1681736138420025,1.4201453719972188,0,2.145873121983193,0.7542188764440411,489,0,0,0
1D_packet_loss_sweep,loss_0.3_speed_2,synchronized_bearing_fusion,41.40000000000005,82.8000000000001,20.700000000000024,0.0,80.77803984563901,19.736041644915417,-1.1824618201719783,True,2.5329339770956802,2,2,0.0,0.0,1.7094650455956493,1.7876046063298077,0,8.298365009310109,0.651785108559824,493,0,0,0
1D_packet_loss_sweep,loss_0.3_speed_2,synchronized_bearing_fusion,41.60000000000005,83.2000000000001,20.800000000000026,0.0,86.16621121699939,20.25220578406303,-0.893663795141496,True,3.145969241046883,4,4,0.0,0.0,1.4243481675556753,2.1495538099551554,0,1.772410789397,0.6483762650504197,495,0,0,0
1D_packet_loss_sweep,loss_0.3_speed_2,synchronized_bearing_fusion,41.800000000000054,83.60000000000011,20.900000000000027,0.0,83.05208814834305,19.612388736500762,-0.4743391466957908,True,1.4775478974180618,4,4,0.0,0.0,2.3866123320032884,3.620099714545926,0,1.778554615662714,0.639059904526098,495,0,0,0
1D_packet_loss_sweep,loss_0.3_speed_2,synchronized_bearing_fusion,42.00000000000006,84.00000000000011,21.00000000000003,0.0,82.44682006988998,20.523485457972768,1.735263887023349,True,2.3770937637518106,4,4,0.0,0.0,2.7903003846339978,4.7159965754385755,0,1.7156660291936505,0.6449696063345047,495,0,0,0
1D_packet_loss_sweep,loss_0.3_speed_2,synchronized_bearing_fusion,42.20000000000006,84.40000000000012,21.10000000000003,0.0,77.09548109300613,22.61668427263345,1.0640592650286542,True,7.535817790059654,2,2,0.0,0.0,0.6367516850397282,0.6610971670335584,0,8.546171622929874,0.64333827330154,497,0,0,0
1D_packet_loss_sweep,loss_0.3_speed_2,synchronized_bearing_fusion,42.40000000000006,84.80000000000013,21.20000000000003,0.0,85.08414049257829,21.37297630932985,0.8349664976624162,True,0.8987912301144055,4,4,0.0,0.0,1.7508174913623942,2.756463841978897,0,1.7635383096734172,0.6498348070291133,499,0,0,0
1D_packet_loss_sweep,loss_0.3_speed_2,synchronized_bearing_fusion,42.600000000000065,85.20000000000013,21.300000000000033,0.0,84.21622334509341,20.97346151913655,-0.673228905358657,True,1.2359939503227766,3,3,0.0,0.0,1.474581494459681,1.922849760481496,0,2.111517265140034,0.7636814234584933,500,0,0,0
1D_packet_loss_sweep,loss_0.3_speed_2,synchronized_bearing_fusion,42.80000000000007,85.60000000000014,21.400000000000034,0.0,83.47319115989916,21.703504755418486,0.30170213947690094,True,2.1694365996401506,3,3,0.0,0.0,1.4184141808076622,1.7211392717679985,0,2.4878905247415797,0.6467123983496116,502,0,0,0
1D_packet_loss_sweep,loss_0.3_speed_2,synchronized_bearing_fusion,43.00000000000007,86.00000000000014,21.500000000000036,0.0,88.44330770179303,16.865036032033615,2.226711495751929,True,5.693056085732976,2,2,0.0,0.0,1.8897081191012097,1.9720908402077302,0,3.1296803145851544,0.9334699051002434,505,0,0,0
1D_packet_loss_sweep,loss_0.3_speed_2,synchronized_bearing_fusion,43.200000000000074,86.40000000000015,21.600000000000037,0.0,,,,False,,1,1,0.0,0.0,,,0,inf,0.0,509,0,0,0
1D_packet_loss_sweep,loss_0.3_speed_2,synchronized_bearing_fusion,43.40000000000008,86.80000000000015,21.70000000000004,0.0,85.79569722885618,23.393349074347118,-1.3756258015312883,True,2.4017496725425334,4,4,0.0,0.0,1.7107236070673992,2.2231464908505916,0,1.7098448201863932,0.6613763700580283,513,0,0,0
1D_packet_loss_sweep,loss_0.3_speed_2,synchronized_bearing_fusion,43.60000000000008,87.20000000000016,21.80000000000004,0.0,85.9457822337577,22.02000369608092,0.14112392984253366,True,1.2811634536707952,3,3,0.0,0.0,1.674451089667679,2.2079263911808025,0,2.0585817430583746,0.7735029834712221,514,0,0,0
1D_packet_loss_sweep,loss_0.3_speed_2,synchronized_bearing_fusion,43.80000000000008,87.60000000000016,21.90000000000004,0.0,87.33858527687133,24.244276549445086,0.30449217070052764,True,2.378378792321444,3,3,0.0,0.0,2.673624015359477,3.5482752099073944,0,2.0886404700596444,0.7665299522120098,515,0,0,0
1D_packet_loss_sweep,loss_0.3_speed_2,synchronized_bearing_fusion,44.000000000000085,88.00000000000017,22.000000000000043,0.0,87.40747962366387,21.68842271505781,0.7869477826470791,True,1.0331735640630921,2,2,0.0,0.0,0.6427826248923063,0.6696450070065091,0,3.3867592903349983,0.9131235593956127,519,0,0,0
1D_packet_loss_sweep,loss_0.3_speed_2,synchronized_bearing_fusion,44.20000000000009,88.40000000000018,22.100000000000044,0.0,88.7108177952613,21.854062106556537,1.50755567678329,True,1.5587871143565253,4,4,0.0,0.0,2.215101169574988,2.6708873399022246,0,1.7433614729085674,0.6491948398370567,521,0,0,0
1D_packet_loss_sweep,loss_0.3_speed_2,synchronized_bearing_fusion,44.40000000000009,88.80000000000018,22.200000000000045,0.0,88.2240272598486,23.219475426407225,0.3461880213922372,True,1.2210327139766968,4,4,0.0,0.0,1.2416299461320208,2.2235170082727356,0,1.7734055917649933,0.6582421785125311,521,0,0,0
1D_packet_loss_sweep,loss_0.3_speed_2,synchronized_bearing_fusion,44.600000000000094,89.20000000000019,22.300000000000047,0.0,93.17382541331341,18.006519721944095,-0.3633285683980233,True,5.861507396750734,2,2,0.0,0.0,0.9338607143538875,1.0151613189842177,0,3.2014937521346853,0.9304394942778462,523,0,0,0
1D_packet_loss_sweep,loss_0.3_speed_2,synchronized_bearing_fusion,44.8000000000001,89.6000000000002,22.40000000000005,0.0,88.22713530704962,21.937320574888204,-1.1159475952697913,True,1.8287068521117658,4,4,0.0,0.0,1.8384673529687616,2.205682479166051,0,1.7596369315417577,0.6626786492228169,525,0,0,0
1D_packet_loss_sweep,loss_0.3_speed_2,synchronized_bearing_fusion,45.0000000000001,90.0000000000002,22.50000000000005,0.0,89.52967699750259,21.397033135254862,-1.2045729294273042,True,1.6996280692296393,3,3,0.0,0.0,2.2839163543290146,3.2376647182411875,0,2.0241065540761016,0.7882549828617361,526,0,0,0
1D_packet_loss_sweep,loss_0.3_speed_2,synchronized_bearing_fusion,45.2000000000001,90.4000000000002,22.60000000000005,0.0,,,,False,,1,1,0.0,0.0,,,0,inf,0.0,530,0,0,0
1D_packet_loss_sweep,loss_0.3_speed_2,synchronized_bearing_fusion,45.400000000000105,90.80000000000021,22.700000000000053,0.0,92.64945142972299,23.309238243778992,0.0050404102044995566,True,1.9472203866849533,2,2,0.0,0.0,0.16470944252732705,0.16864678522663112,0,2.091731281412012,0.9993235068521363,534,0,0,0
1D_packet_loss_sweep,loss_0.3_speed_2,synchronized_bearing_fusion,45.60000000000011,91.20000000000022,22.800000000000054,0.0,91.65014062767605,23.75509132466386,0.4419222786424001,True,1.1446053134128584,4,4,0.0,0.0,1.2704604671441284,1.4696095360479937,0,1.8023101421657814,0.6608010512141794,537,0,0,0
1D_packet_loss_sweep,loss_0.3_speed_2,synchronized_bearing_fusion,45.80000000000011,91.60000000000022,22.900000000000055,0.0,93.14643713204926,20.8855156345315,0.908821865584364,True,2.697326870340622,4,4,0.0,0.0,3.388057161059943,4.279543964603594,0,1.76523553544857,0.655523602397744,537,0,0,0
1D_packet_loss_sweep,loss_0.3_speed_2,synchronized_bearing_fusion,46.000000000000114,92.00000000000023,23.000000000000057,0.0,92.11281574386447,22.827486664108548,-0.7530806821679324,True,0.78078086360936,4,4,0.0,0.0,2.3866998122443253,3.5516950115688397,0,1.7478899089867048,0.6605908915523105,537,0,0,0
1D_packet_loss_sweep,loss_0.3_speed_2,synchronized_bearing_fusion,46.20000000000012,92.40000000000023,23.10000000000006,0.0,91.57240453631061,26.053979132339983,0.16140994148279555,True,3.0719635634279334,3,3,0.0,0.0,2.2481198701326197,2.651262215686699,0,2.683816597018992,0.6722372813317021,538,0,0,0
1D_packet_loss_sweep,loss_0.3_speed_2,synchronized_bearing_fusion,46.40000000000012,92.80000000000024,23.20000000000006,0.0,94.72202243561887,23.813854770965587,-0.3838469468910384,True,2.0538564705198072,3,3,0.0,0.0,1.2937231613348468,1.8704554351252136,0,2.697205323369221,0.6663356664857695,539,0,0,0
1D_packet_loss_sweep,loss_0.3_speed_2,synchronized_bearing_fusion,46.60000000000012,93.20000000000024,23.30000000000006,0.0,92.62145167369805,23.818807764251392,-0.7405952355530218,True,1.0734807706886857,3,3,0.0,0.0,2.4817661096335644,3.5042342098792685,0,2.1126538972548343,0.793373080440079,542,0,0,0
1D_packet_loss_sweep,loss_0.3_speed_2,synchronized_bearing_fusion,46.800000000000125,93.60000000000025,23.400000000000063,0.0,93.368941833362,22.634761603454947,1.3703185872201396,True,1.5864270264963867,4,4,0.0,0.0,3.939975613785799,5.201344410031771,0,1.713415858748447,0.660278475034297,543,0,0,0
1D_packet_loss_sweep,loss_0.3_speed_2,synchronized_bearing_fusion,47.00000000000013,94.00000000000026,23.500000000000064,0.0,93.89210297707685,22.366416080281756,-2.579564811817885,True,2.819717874002415,4,4,0.0,0.0,2.5002685771956945,3.981796390116958,0,1.7277991953830016,0.6773772798405135,543,0,0,0
1D_packet_loss_sweep,loss_0.3_speed_2,synchronized_bearing_fusion,47.20000000000013,94.40000000000026,23.600000000000065,0.0,99.28930973955254,23.947145913646324,2.3903922355805984,True,5.453424158688377,2,2,0.0,0.0,2.573007186298366,2.6400692043564806,0,2.111808868819694,0.9989368053160689,545,0,0,0
1D_packet_loss_sweep,loss_0.3_speed_2,synchronized_bearing_fusion,47.400000000000134,94.80000000000027,23.700000000000067,0.0,93.32018491645076,25.74765401727414,-0.048398609462907395,True,2.5268719954436234,3,3,0.0,0.0,1.7659076287240787,2.072740631853827,0,2.623146657616019,0.6745779284943515,548,0,0,0
1D_packet_loss_sweep,loss_0.3_speed_2,synchronized_bearing_fusion,47.600000000000136,95.20000000000027,23.800000000000068,0.0,90.89119168040807,20.898775058192946,0.4667012449647467,True,5.215433380842129,3,3,0.0,0.0,2.292450708647205,3.4359626493395363,0,2.538412574704074,0.6699182777713268,550,0,0,0
1D_packet_loss_sweep,loss_0.3_speed_2,synchronized_bearing_fusion,47.80000000000014,95.60000000000028,23.90000000000007,0.0,94.8994095488259,24.080349954493776,-0.3782878325967177,True,0.8163668113374789,4,4,0.0,0.0,2.2960373387741213,2.6189582852227353,0,1.771526667608951,0.6713979607632804,551,0,0,0
1D_packet_loss_sweep,loss_0.3_speed_2,synchronized_bearing_fusion,48.00000000000014,96.00000000000028,24.00000000000007,0.0,95.55381648002971,22.255291909331742,0.26695230619408217,True,1.8205355225645,3,3,0.0,0.0,3.038016855210934,3.8069464064625858,0,2.081684819247657,0.797189371775984,552,0,0,0
1D_packet_loss_sweep,loss_0.3_speed_2,synchronized_bearing_fusion,48.200000000000145,96.40000000000029,24.100000000000072,0.0,94.03730218606788,22.31265931921846,-1.6710392176302933,True,3.4013673332935306,3,3,0.0,0.0,0.9402770670670085,1.3502853269471689,0,2.6491566527093457,0.6729091703781368,554,0,0,0
1D_packet_loss_sweep,loss_0.3_speed_2,synchronized_bearing_fusion,48.40000000000015,96.8000000000003,24.200000000000074,0.0,94.71894731361667,23.906071998966578,0.26601839309941455,True,2.1184758055647603,3,3,0.0,0.0,1.9172268269855863,2.1756563657357924,0,2.028445234427225,0.7963679405444047,556,0,0,0
1D_packet_loss_sweep,loss_0.3_speed_2,synchronized_bearing_fusion,48.60000000000015,97.2000000000003,24.300000000000075,0.0,97.83339646805487,21.198865250311858,0.042610690105182,True,3.1654452281439096,4,4,0.0,0.0,2.3514980565271673,2.8782972729777887,0,1.77285556662647,0.6705349377382069,557,0,0,0
1D_packet_loss_sweep,loss_0.3_speed_2,synchronized_bearing_fusion,48.80000000000015,97.6000000000003,24.400000000000077,0.0,97.14398119271331,26.53436018397629,-2.941552905522513,True,3.662810402345495,3,3,0.0,0.0,1.7531901151155236,2.045915536113494,0,2.017823052687674,0.8111837999484321,558,0,0,0
1D_packet_loss_sweep,loss_0.3_speed_2,synchronized_bearing_fusion,49.000000000000156,98.00000000000031,24.500000000000078,0.0,96.13120802698654,25.775705539802964,0.05946034323586502,True,2.263480416328403,3,3,0.0,0.0,4.284437037508067,4.774645770132757,0,2.069668554147067,0.810090296536429,559,0,0,0
1D_packet_loss_sweep,loss_0.3_speed_2,synchronized_bearing_fusion,49.20000000000016,98.40000000000032,24.60000000000008,0.0,98.41140289682716,24.7304753056472,0.9192306662286952,True,0.9285143236240375,3,3,0.0,0.0,1.8571283376830294,2.3549920298707034,0,2.743270628490749,0.6753819060356133,562,0,0,0
1D_packet_loss_sweep,loss_0.3_speed_2,synchronized_bearing_fusion,49.40000000000016,98.80000000000032,24.70000000000008,0.0,98.34591974322484,25.425406238357727,-0.0929810392322759,True,0.8608417763434772,4,4,0.0,0.0,0.5205490569100224,0.7722700718757143,0,1.7708471881689374,0.6760189183663551,563,0,0,0
1D_packet_loss_sweep,loss_0.3_speed_2,synchronized_bearing_fusion,49.600000000000165,99.20000000000033,24.800000000000082,0.0,98.59236316830987,23.558272068758008,0.45355975249150354,True,1.454932033991173,4,4,0.0,0.0,1.201342555377522,1.790937809064896,0,1.8160280358337608,0.6765082778203716,563,0,0,0
1D_packet_loss_sweep,loss_0.3_speed_2,synchronized_bearing_fusion,49.80000000000017,99.60000000000034,24.900000000000084,0.0,99.6037242482455,24.98795097393816,-1.5956707437124102,True,1.5980971078696575,3,3,0.0,0.0,1.5081407371413083,1.8326242365951366,0,1.997941447304821,0.8140364765543141,564,0,0,0
1D_packet_loss_sweep,loss_0.3_speed_2,synchronized_bearing_fusion,50.00000000000017,100.00000000000034,25.000000000000085,0.0,99.25375797787696,23.799695045855696,0.147075310084691,True,1.4209997485442663,3,3,0.0,0.0,1.3421808055730906,1.8453886687561132,0,2.043491254169881,0.8174885261106225,566,0,0,0
1D_packet_loss_sweep,loss_0.3_speed_2,synchronized_bearing_fusion,50.20000000000017,100.40000000000035,25.100000000000087,0.0,101.45290617778029,21.433293707580024,-1.8912231467165865,True,4.257942160804518,2,2,0.0,0.0,1.4374353324758546,1.4580488705565031,0,4.608375974050216,0.8244847820287756,568,0,0,0
1D_packet_loss_sweep,loss_0.3_speed_2,synchronized_bearing_fusion,50.400000000000176,100.80000000000035,25.200000000000088,0.0,98.88491337690309,26.495741904590304,0.32961901202655547,True,2.335626800318607,3,3,0.0,0.0,2.6699464191617754,3.75803474855068,0,2.446919809265188,0.6836624816633733,572,0,0,0
1D_packet_loss_sweep,loss_0.3_speed_2,synchronized_bearing_fusion,50.60000000000018,101.20000000000036,25.30000000000009,0.0,103.15664508317185,25.050625152213915,0.9778083337658419,True,2.201535131173131,2,2,0.0,0.0,0.6697356970397628,0.6924850807919807,0,3.010566883874465,0.9425223735599364,575,0,0,0
1D_packet_loss_sweep,loss_0.3_speed_2,synchronized_bearing_fusion,50.80000000000018,101.60000000000036,25.40000000000009,0.0,,,,False,,1,1,0.0,0.0,,,0,inf,0.0,579,0,0,0
1D_packet_loss_sweep,loss_0.3_speed_2,synchronized_bearing_fusion,51.000000000000185,102.00000000000037,25.500000000000092,0.0,100.7768124250123,27.35594226250734,1.230796974567454,True,2.5407815171655606,3,3,0.0,0.0,0.9659955841988284,0.9836001948196429,0,2.043554747720926,0.8195700499911219,583,0,0,0
1D_packet_loss_sweep,loss_0.3_speed_2,synchronized_bearing_fusion,51.20000000000019,102.40000000000038,25.600000000000094,0.0,103.588585468713,26.951471576998948,-2.743086626928671,True,3.280813174002066,2,2,0.0,0.0,0.5103807394927693,0.5282408779816383,0,3.685022346895525,0.8898768226792056,585,0,0,0
1D_packet_loss_sweep,loss_0.3_speed_2,synchronized_bearing_fusion,51.40000000000019,102.80000000000038,25.700000000000095,0.0,103.13593118243028,22.848524341949773,2.2155683939493085,True,3.6266384567598395,3,3,0.0,0.0,2.010276822442883,2.2627860421457364,0,2.7123093161572944,0.673100744429266,590,0,0,0
1D_packet_loss_sweep,loss_0.3_speed_2,synchronized_bearing_fusion,51.60000000000019,103.20000000000039,25.800000000000097,0.0,104.21011904013324,26.96781375953505,0.7785418454590781,True,1.7292359171983738,4,4,0.0,0.0,3.5878407126113676,5.933185117925357,0,1.7984620372830575,0.6748714674906381,591,0,0,0
1D_packet_loss_sweep,loss_0.3_speed_2,synchronized_bearing_fusion,51.800000000000196,103.60000000000039,25.900000000000098,0.0,104.14081667125349,26.59542905375271,2.227394703170728,True,2.3952852448970563,4,4,0.0,0.0,2.007823833886619,3.6678414125187957,0,1.795655911551134,0.6731436267539049,591,0,0,0
1D_packet_loss_sweep,loss_0.3_speed_2,synchronized_bearing_fusion,52.0000000000002,104.0000000000004,26.0000000000001,0.0,104.49142247484502,27.868094267416637,0.26688494226169196,True,1.9499999520879419,3,3,0.0,0.0,1.2779582262406277,1.301072946052268,0,2.5041158429139925,0.6844063811707413,592,0,0,0
1D_packet_loss_sweep,loss_0.3_speed_2,synchronized_bearing_fusion,52.2000000000002,104.4000000000004,26.1000000000001,0.0,104.27209985527699,24.320352954135977,1.1647834890966946,True,2.1307798176595916,2,2,0.0,0.0,1.4653426199450696,1.5017446901941742,0,2.095809790051508,0.9992629093678247,594,0,0,0
1D_packet_loss_sweep,loss_0.3_speed_2,synchronized_bearing_fusion,52.400000000000205,104.80000000000041,26.200000000000102,0.0,105.6454094122013,27.163615680592148,0.7496082697798115,True,1.4849864687070435,3,3,0.0,0.0,1.1860752348019041,1.6270148742524055,0,2.593926625367383,0.6850791636142606,596,0,0,0
1D_packet_loss_sweep,loss_0.3_speed_2,synchronized_bearing_fusion,52.60000000000021,105.20000000000041,26.300000000000104,0.0,107.6026513348653,26.7426097597135,-1.2203525017654058,True,2.730915059991183,2,2,0.0,0.0,0.39374129968363164,0.40686631014376073,0,3.6788268670786892,0.8902959321205361,598,0,0,0
1D_packet_loss_sweep,loss_0.3_speed_2,synchronized_bearing_fusion,52.80000000000021,105.60000000000042,26.400000000000105,0.0,105.06165145881214,26.06639868731816,-1.4812963706659323,True,1.61100835670419,4,4,0.0,0.0,1.5995165064096977,2.4945997564042512,0,1.8268790248018614,0.696289879718882,603,0,0,0
1D_packet_loss_sweep,loss_0.3_speed_2,synchronized_bearing_fusion,53.00000000000021,106.00000000000043,26.500000000000107,0.0,105.92219520422722,28.167560972054257,0.2563568990652249,True,1.6889440610813113,4,4,0.0,0.0,2.8744740475811454,3.7241903425159046,0,1.7670179527610475,0.6951192528189258,603,0,0,0
1D_packet_loss_sweep,loss_0.3_speed_2,synchronized_bearing_fusion,53.200000000000216,106.40000000000043,26.600000000000108,0.0,105.55177824029688,27.07654510375261,-0.21896004084231274,True,0.9972556788661251,3,3,0.0,0.0,0.3434974961332138,0.3625794230786847,0,1.9435051786272564,0.8334275442851525,604,0,0,0
1D_packet_loss_sweep,loss_0.3_speed_2,synchronized_bearing_fusion,53.40000000000022,106.80000000000044,26.70000000000011,0.0,,,,False,,1,1,0.0,0.0,,,0,inf,0.0,607,0,0,0
1D_packet_loss_sweep,loss_0.3_speed_2,synchronized_bearing_fusion,53.60000000000022,107.20000000000044,26.80000000000011,0.0,106.57451182103195,32.47414271178911,1.4766736682196433,True,5.896413833695091,3,3,0.0,0.0,2.0031896972641134,2.968744015599028,0,2.109753046734827,0.834387971890629,612,0,0,0
1D_packet_loss_sweep,loss_0.3_speed_2,synchronized_bearing_fusion,53.800000000000225,107.60000000000045,26.900000000000112,0.0,106.89398136120998,24.15641697964804,-1.812142104178856,True,3.362970281406233,3,3,0.0,0.0,1.173280886046117,1.6126108821250362,0,1.9296859372504622,0.8423691318784378,614,0,0,0
1D_packet_loss_sweep,loss_0.3_speed_2,synchronized_bearing_fusion,54.00000000000023,108.00000000000045,27.000000000000114,0.0,110.43266733805099,22.682849908287384,-0.21846549171216906,True,4.960179680521881,2,2,0.0,0.0,0.0804153449640038,0.08061581051080198,0,4.3295277029048576,0.8429118097261694,616,0,0,0
1D_packet_loss_sweep,loss_0.3_speed_2,synchronized_bearing_fusion,54.20000000000023,108.40000000000046,27.100000000000115,0.0,109.41105394513258,26.009155338954425,-0.4620677173287056,True,1.5574590620290691,3,3,0.0,0.0,2.25155746780273,2.4067028957374084,0,2.740018187174675,0.7002458347442951,620,0,0,0
1D_packet_loss_sweep,loss_0.3_speed_2,synchronized_bearing_fusion,54.40000000000023,108.80000000000047,27.200000000000117,0.0,110.80382115921198,26.89051550011335,-0.7032860727342303,True,2.146087415245676,4,4,0.0,0.0,1.2625208931134877,1.9624566104262502,0,1.7757797865237066,0.7093735488584044,621,0,0,0
1D_packet_loss_sweep,loss_0.3_speed_2,synchronized_bearing_fusion,54.600000000000236,109.20000000000047,27.300000000000118,0.0,110.31512918957092,26.1097238185675,1.0996872924503232,True,1.967125476093123,4,4,0.0,0.0,1.2298726358254781,1.8854932593012164,0,1.8013474737151374,0.6875698766202326,621,0,0,0
1D_packet_loss_sweep,loss_0.3_speed_2,synchronized_bearing_fusion,54.80000000000024,109.60000000000048,27.40000000000012,0.0,108.15346017727535,24.975526366285653,0.7643680340018981,True,2.9248603984994226,3,3,0.0,0.0,2.3816924246941547,2.912355569083888,0,2.0530801138558075,0.8375507765432826,622,0,0,0
1D_packet_loss_sweep,loss_0.3_speed_2,synchronized_bearing_fusion,55.00000000000024,110.00000000000048,27.50000000000012,0.0,109.3618787536085,27.031256855494068,-1.9292250169415885,True,2.0853843834198913,3,3,0.0,0.0,1.2731714376752932,1.559653582900999,0,1.9248268923483094,0.8429225322799764,624,0,0,0
1D_packet_loss_sweep,loss_0.3_speed_2,synchronized_bearing_fusion,55.200000000000244,110.40000000000049,27.600000000000122,0.0,112.47369006921792,28.295150658169334,0.5739477827368948,True,2.2611592155424827,3,3,0.0,0.0,1.3932651098598796,1.7943211794191425,0,2.5807588517873508,0.6971443179148872,626,0,0,0
1D_packet_loss_sweep,loss_0.3_speed_2,synchronized_bearing_fusion,55.40000000000025,110.8000000000005,27.700000000000124,0.0,111.06197262656704,25.19153682640253,0.16900713971030593,True,2.5277619673613545,2,2,0.0,0.0,2.6620149196253573,2.956765581086761,0,3.4891909687442806,0.909940576951798,629,0,0,0
1D_packet_loss_sweep,loss_0.3_speed_2,synchronized_bearing_fusion,55.60000000000025,111.2000000000005,27.800000000000125,0.0,110.42593089111041,27.594201913281506,-0.8505276452322333,True,1.1683035192702402,2,2,0.0,0.0,1.3060650911068474,1.318097857670217,0,6.928711540654734,0.7028717800832727,632,0,0,0
1D_packet_loss_sweep,loss_0.3_speed_2,synchronized_bearing_fusion,55.80000000000025,111.6000000000005,27.900000000000126,0.0,113.2963609250921,29.191245081367303,0.6841888452352298,True,2.2389883037382887,3,3,0.0,0.0,0.8202922530519592,1.1049564841780768,0,2.7395023447555373,0.7029344789053543,634,0,0,0
1D_packet_loss_sweep,loss_0.3_speed_2,synchronized_bearing_fusion,56.000000000000256,112.00000000000051,28.000000000000128,0.0,111.29356800205811,26.695636548865654,-0.9324635074902133,True,1.7521125458067133,2,2,0.0,0.0,0.2798422625332064,0.2837198051250002,0,3.1158904516473367,0.9337617924138082,636,0,0,0
1D_packet_loss_sweep,loss_0.3_speed_2,synchronized_bearing_fusion,56.20000000000026,112.40000000000052,28.10000000000013,0.0,115.0333890182525,31.740111223653074,0.5142776144912925,True,4.522126591193702,3,3,0.0,0.0,1.7470053447150464,2.245707478575339,0,2.0098710395987034,0.8552873637417895,642,0,0,0
1D_packet_loss_sweep,loss_0.3_speed_2,synchronized_bearing_fusion,56.40000000000026,112.80000000000052,28.20000000000013,0.0,111.19240844158561,29.287967903907074,0.025793239268076286,True,1.9413114304022645,4,4,0.0,0.0,2.8791966242520783,4.721419759401083,0,1.8420805789118289,0.7040974991823772,643,0,0,0
1D_packet_loss_sweep,loss_0.3_speed_2,synchronized_bearing_fusion,56.600000000000264,113.20000000000053,28.300000000000132,0.0,116.96538485916115,28.4514107837613,-2.960721796121256,True,4.792381653944381,2,2,0.0,0.0,2.4840784395109115,2.501720957403563,0,3.899900908108934,0.8733311602625867,645,0,0,0
1D_packet_loss_sweep,loss_0.3_speed_2,synchronized_bearing_fusion,56.80000000000027,113.60000000000053,28.400000000000134,0.0,115.2584750965208,27.984506485630078,0.8528367603296868,True,1.9106294894696645,3,3,0.0,0.0,0.3566882323266771,0.49973252750205094,0,2.4288173669642785,0.703824051430186,647,0,0,0
1D_packet_loss_sweep,loss_0.3_speed_2,synchronized_bearing_fusion,57.00000000000027,114.00000000000054,28.500000000000135,0.0,113.45689173913595,29.01187352904819,2.0972822627743968,True,2.226111853098932,4,4,0.0,0.0,1.7225166821684639,2.6751192294616177,0,1.783741087364807,0.7076464700851869,649,0,0,0
1D_packet_loss_sweep,loss_0.3_speed_2,synchronized_bearing_fusion,57.20000000000027,114.40000000000055,28.600000000000136,0.0,116.97160028704492,25.387141219436593,0.9680177227628568,True,4.227605456018095,2,2,0.0,0.0,0.8541609017299139,0.8970259309294557,0,2.1421176265064754,0.9990555896621566,651,0,0,0
1D_packet_loss_sweep,loss_0.3_speed_2,synchronized_bearing_fusion,57.400000000000276,114.80000000000055,28.700000000000138,0.0,111.86828771491393,28.67499105157212,-1.369468131095677,True,3.235893281941783,3,3,0.0,0.0,3.3373606484161287,4.6339153724425355,0,2.716247651150331,0.7128074880084212,654,0,0,0
1D_packet_loss_sweep,loss_0.3_speed_2,synchronized_bearing_fusion,57.60000000000028,115.20000000000056,28.80000000000014,0.0,114.17712427615572,30.232148183145505,-0.22197717019743718,True,1.7738649974015852,2,2,0.0,0.0,0.6029473695785132,0.6490050322226857,0,2.172347439250237,0.9997689765899529,657,0,0,0
1D_packet_loss_sweep,loss_0.3_speed_2,synchronized_bearing_fusion,57.80000000000028,115.60000000000056,28.90000000000014,0.0,113.95663408017981,29.94699524171193,-0.6003110139930206,True,2.0389271434057585,4,4,0.0,0.0,1.8071261012422652,2.333963837276425,0,1.7771345907658223,0.7072175397360982,659,0,0,0
1D_packet_loss_sweep,loss_0.3_speed_2,synchronized_bearing_fusion,58.000000000000284,116.00000000000057,29.000000000000142,0.0,114.962687982665,30.926534461844735,1.0149622571317114,True,2.4119908037522686,3,3,0.0,0.0,1.8570539685868728,2.179665819209308,0,2.006028564885507,0.8588003681801426,660,0,0,0
1D_packet_loss_sweep,loss_0.3_speed_2,synchronized_bearing_fusion,58.20000000000029,116.40000000000057,29.100000000000144,0.0,117.83740677775877,29.788197894059902,-0.5106938232696592,True,1.6734882035016785,3,3,0.0,0.0,0.44311202108590475,0.5091210818098947,0,2.5599238649798797,0.7137463918899901,662,0,0,0
1D_packet_loss_sweep,loss_0.3_speed_2,synchronized_bearing_fusion,58.40000000000029,116.80000000000058,29.200000000000145,0.0,118.49139142093082,31.039813799840005,0.1743145000410461,True,2.5052156198224087,3,3,0.0,0.0,2.901596000258657,3.0419017780039845,0,1.9702845749558493,0.8640189269059083,664,0,0,0
1D_packet_loss_sweep,loss_0.3_speed_2,synchronized_bearing_fusion,58.60000000000029,117.20000000000059,29.300000000000146,0.0,116.25413821505248,26.439307415253545,0.5776886340339785,True,3.067888645068699,3,3,0.0,0.0,3.210602887049714,4.352023808529593,0,2.545720325422324,0.7110295159279053,666,0,0,0
1D_packet_loss_sweep,loss_0.3_speed_2,synchronized_bearing_fusion,58.800000000000296,117.60000000000059,29.400000000000148,0.0,118.08672203011815,28.632022888475987,0.3546087461363594,True,0.9759275286941932,4,4,0.0,0.0,1.0304255548262098,1.537251257439929,0,1.7732533880691925,0.711732894478775,667,0,0,0
1D_packet_loss_sweep,loss_0.3_speed_2,synchronized_bearing_fusion,59.0000000000003,118.0000000000006,29.50000000000015,0.0,,,,False,,1,1,0.0,0.0,,,0,inf,0.0,670,0,0,0
1D_packet_loss_sweep,loss_0.3_speed_2,synchronized_bearing_fusion,59.2000000000003,118.4000000000006,29.60000000000015,0.0,117.17454015937946,30.26848952386157,-1.202907554595384,True,1.8427199053003984,4,4,0.0,0.0,2.782099031354309,4.572864340498166,0,1.7377077155542355,0.7266389430721877,673,0,0,0
1D_packet_loss_sweep,loss_0.3_speed_2,synchronized_bearing_fusion,59.400000000000304,118.80000000000061,29.700000000000152,0.0,118.4928863295017,28.720799824392508,0.5606529469839666,True,1.1693945089144038,4,4,0.0,0.0,1.8598301113195195,2.5928246096296568,0,1.85987423572459,0.7091417728997472,673,0,0,0
1D_packet_loss_sweep,loss_0.3_speed_2,synchronized_bearing_fusion,59.60000000000031,119.20000000000061,29.800000000000153,0.0,116.1068745132064,26.80559713922026,0.8386730113733819,True,4.3860285213058985,2,2,0.0,0.0,0.9992616697006882,1.082903957528541,0,3.9417596179717664,0.8733135939732217,675,0,0,0
1D_packet_loss_sweep,loss_0.3_speed_2,synchronized_bearing_fusion,59.80000000000031,119.60000000000062,29.900000000000155,0.0,120.59992046369698,30.340469378104142,-1.5054576302882225,True,1.8601765731669342,3,3,0.0,0.0,0.9733113061457578,1.290042673839855,0,2.475498715985524,0.7283234526839716,677,0,0,0
