experiment,condition_name,run,seed,packet_loss,method,rmse_m,mean_error_m,median_error_m,p95_error_m,max_error_m,estimate_availability_pct,valid_estimate_count,invalid_fusion_cycles,mean_active_rays,mean_contributing_uavs,mean_observation_age_s,max_observation_age_s,mean_residual_m,max_residual_m,mean_condition_number,final_packet_loss_count,final_duplicate_count,final_out_of_order_count,final_stale_rejected_count,network_transmitted_count,network_dropped_count,network_queued_count,network_delivered_count,network_duplicated_count,received_count,accepted_count,invalid_count,sequence_gap_count,estimated_packet_loss_count,duplicate_count,out_of_order_count,stale_rejected_count,generated_messages,payload_bytes,payload_bytes_per_s,payload_kbit_per_s,stale_rejection_rate
packet_loss,loss_0.0_tro_sliding_window,0,7,0.0,tro_sliding_window,0.770321042022483,0.7141871947862835,0.7014857495933822,1.175805313275454,2.485021378447865,100.0,300,0,21.613333333333333,4.0,0.4403333333333353,1.0,1.9558977808303575,8.554916396834058,1.674697561651883,0,0,0,0,1200,0,1200,1200,0,1200,1200,0,0,0,0,0,0,1200,64,1280.0,10.24,0.0
packet_loss,loss_0.0_tro_sliding_window,1,8,0.0,tro_sliding_window,0.7733144153671454,0.7141142521292259,0.692103867784498,1.169641276362154,2.5623281232908384,100.0,300,0,21.613333333333333,4.0,0.4403333333333353,1.0,1.9247209461209975,8.119345424243583,1.672411670382506,0,0,0,0,1200,0,1200,1200,0,1200,1200,0,0,0,0,0,0,1200,64,1280.0,10.24,0.0
packet_loss,loss_0.0_tro_sliding_window,2,9,0.0,tro_sliding_window,0.766996602793584,0.7021283188899445,0.6896928528654322,1.294512179216084,1.7478053352153728,100.0,300,0,21.613333333333333,4.0,0.4403333333333353,1.0,1.9517961391354615,7.247695164018259,1.6749294612768106,0,0,0,0,1200,0,1200,1200,0,1200,1200,0,0,0,0,0,0,1200,64,1280.0,10.24,0.0
packet_loss,loss_0.0_tro_sliding_window,3,10,0.0,tro_sliding_window,0.774080155612359,0.7182251932020999,0.6879009066739366,1.2534613589508046,1.5416680976455546,100.0,300,0,21.613333333333333,4.0,0.4403333333333353,1.0,1.9265890401583374,7.63913438821345,1.6731785609958423,0,0,0,0,1200,0,1200,1200,0,1200,1200,0,0,0,0,0,0,1200,64,1280.0,10.24,0.0
packet_loss,loss_0.0_tro_sliding_window,4,11,0.0,tro_sliding_window,0.7771459670205605,0.7299334332338547,0.7374816898705214,1.1705781005927787,1.7414323939989287,100.0,300,0,21.613333333333333,4.0,0.4403333333333353,1.0,1.906310053679294,8.77418837219062,1.6744068722098058,0,0,0,0,1200,0,1200,1200,0,1200,1200,0,0,0,0,0,0,1200,64,1280.0,10.24,0.0
packet_loss,loss_0.0_tro_sliding_window,5,12,0.0,tro_sliding_window,0.8488926254890296,0.7677362882322842,0.738174897758135,1.3261251680638384,2.7850536289438934,100.0,300,0,21.613333333333333,4.0,0.4403333333333353,1.0,1.9835140339723545,7.9485821543214765,1.6747095472796836,0,0,0,0,1200,0,1200,1200,0,1200,1200,0,0,0,0,0,0,1200,64,1280.0,10.24,0.0
packet_loss,loss_0.0_tro_sliding_window,6,13,0.0,tro_sliding_window,0.7798873804043291,0.7152680734420486,0.6999494020685841,1.2669298185627764,1.7143363635747317,100.0,300,0,21.613333333333333,4.0,0.4403333333333353,1.0,1.8708901562673796,7.589125905548255,1.6712615151089336,0,0,0,0,1200,0,1200,1200,0,1200,1200,0,0,0,0,0,0,1200,64,1280.0,10.24,0.0
packet_loss,loss_0.0_tro_sliding_window,7,14,0.0,tro_sliding_window,0.786803401182943,0.7231617094034487,0.6915028208166727,1.2759037466441936,2.119648655666731,100.0,300,0,21.613333333333333,4.0,0.4403333333333353,1.0,1.9408179618729693,7.756444576490556,1.6738096742572555,0,0,0,0,1200,0,1200,1200,0,1200,1200,0,0,0,0,0,0,1200,64,1280.0,10.24,0.0
packet_loss,loss_0.0_tro_sliding_window,8,15,0.0,tro_sliding_window,0.844085195010693,0.7599355037190708,0.7224197596114474,1.4203504864612293,2.9251764846345387,100.0,300,0,21.613333333333333,4.0,0.4403333333333353,1.0,1.962002543728893,8.62701050152929,1.6748816210448352,0,0,0,0,1200,0,1200,1200,0,1200,1200,0,0,0,0,0,0,1200,64,1280.0,10.24,0.0
packet_loss,loss_0.0_tro_sliding_window,9,16,0.0,tro_sliding_window,0.7946433423448084,0.7364346152852422,0.7332648526545433,1.196788656793706,2.4827062903207175,100.0,300,0,21.613333333333333,4.0,0.4403333333333353,1.0,1.971027947392823,7.200190898684987,1.673665111416847,0,0,0,0,1200,0,1200,1200,0,1200,1200,0,0,0,0,0,0,1200,64,1280.0,10.24,0.0
packet_loss,loss_0.0_tro_sliding_window,10,17,0.0,tro_sliding_window,0.8075634027060389,0.7375984316940148,0.6880525837324727,1.2784326241290611,2.0857865326972576,100.0,300,0,21.613333333333333,4.0,0.4403333333333353,1.0,1.913881776134319,8.70918026593545,1.671506337899151,0,0,0,0,1200,0,1200,1200,0,1200,1200,0,0,0,0,0,0,1200,64,1280.0,10.24,0.0
packet_loss,loss_0.0_tro_sliding_window,11,18,0.0,tro_sliding_window,0.7893608053886482,0.7200285609764918,0.6702267690146801,1.3386258608291253,1.7294561179885921,100.0,300,0,21.613333333333333,4.0,0.4403333333333353,1.0,1.9441981166493598,8.552734228111524,1.6747137056676835,0,0,0,0,1200,0,1200,1200,0,1200,1200,0,0,0,0,0,0,1200,64,1280.0,10.24,0.0
packet_loss,loss_0.0_tro_sliding_window,12,19,0.0,tro_sliding_window,0.7789355340942596,0.7278210605649463,0.7055752738186318,1.2654410705086148,1.7035679668023573,100.0,300,0,21.613333333333333,4.0,0.4403333333333353,1.0,1.9432505051565523,8.22765382264639,1.6719716493495025,0,0,0,0,1200,0,1200,1200,0,1200,1200,0,0,0,0,0,0,1200,64,1280.0,10.24,0.0
packet_loss,loss_0.0_tro_sliding_window,13,20,0.0,tro_sliding_window,0.7822079103836191,0.7158568281954765,0.6961353760583582,1.2970896914910393,2.6111487783065757,100.0,300,0,21.613333333333333,4.0,0.4403333333333353,1.0,1.9475752138927658,7.686051201741779,1.6763054504664043,0,0,0,0,1200,0,1200,1200,0,1200,1200,0,0,0,0,0,0,1200,64,1280.0,10.24,0.0
packet_loss,loss_0.0_tro_sliding_window,14,21,0.0,tro_sliding_window,0.7708641805475435,0.7064654132102732,0.6717423328806869,1.2106754664849173,2.0689273884945254,100.0,300,0,21.613333333333333,4.0,0.4403333333333353,1.0,1.8816645581255296,6.452465969093995,1.6736984785118245,0,0,0,0,1200,0,1200,1200,0,1200,1200,0,0,0,0,0,0,1200,64,1280.0,10.24,0.0
packet_loss,loss_0.0_tro_sliding_window,15,22,0.0,tro_sliding_window,0.7757556179571451,0.7019857415247442,0.6921368094304949,1.213397631087653,2.8378347059465296,100.0,300,0,21.613333333333333,4.0,0.4403333333333353,1.0,1.9550718631071058,8.026236375188994,1.6742129232823029,0,0,0,0,1200,0,1200,1200,0,1200,1200,0,0,0,0,0,0,1200,64,1280.0,10.24,0.0
packet_loss,loss_0.0_tro_sliding_window,16,23,0.0,tro_sliding_window,0.905746672956586,0.7979747652119592,0.7167642280763185,1.600018042242343,3.7173138077440266,100.0,300,0,21.613333333333333,4.0,0.4403333333333353,1.0,1.9554016299112906,9.401085015891441,1.6757632668714284,0,0,0,0,1200,0,1200,1200,0,1200,1200,0,0,0,0,0,0,1200,64,1280.0,10.24,0.0
packet_loss,loss_0.0_tro_sliding_window,17,24,0.0,tro_sliding_window,0.7790131919234511,0.7137937924551964,0.6876536204718046,1.2600287743698015,1.8376644530553001,100.0,300,0,21.613333333333333,4.0,0.4403333333333353,1.0,1.8962695227228756,7.178798800273301,1.673982647751464,0,0,0,0,1200,0,1200,1200,0,1200,1200,0,0,0,0,0,0,1200,64,1280.0,10.24,0.0
packet_loss,loss_0.0_tro_sliding_window,18,25,0.0,tro_sliding_window,0.7652443498456125,0.7046392334679488,0.6631461945164111,1.2466102761464781,1.8581868731790732,100.0,300,0,21.613333333333333,4.0,0.4403333333333353,1.0,1.9296031977088024,8.114048194129929,1.6739764907307246,0,0,0,0,1200,0,1200,1200,0,1200,1200,0,0,0,0,0,0,1200,64,1280.0,10.24,0.0
packet_loss,loss_0.0_tro_sliding_window,19,26,0.0,tro_sliding_window,0.7943014283344133,0.7234663489284061,0.7030469196914835,1.2664601868937984,2.0458823505097854,100.0,300,0,21.613333333333333,4.0,0.4403333333333353,1.0,1.8960480718762813,8.129015986477201,1.674397549680653,0,0,0,0,1200,0,1200,1200,0,1200,1200,0,0,0,0,0,0,1200,64,1280.0,10.24,0.0
packet_loss,loss_0.0_latest_only,0,1007,0.0,latest_only,1.8676766476937563,1.6659256892962526,1.6150145744443842,3.066312783855374,5.0518682695267385,100.0,300,0,4.0,4.0,0.0,0.0,1.6787429064078863,6.362868401108121,1.6952481780867006,0,0,0,0,1200,0,1200,1200,0,1200,1200,0,0,0,0,0,0,1200,64,1280.0,10.24,0.0
packet_loss,loss_0.0_latest_only,1,1008,0.0,latest_only,1.8256066232349297,1.65344426789931,1.5886964289053134,3.066445685931925,4.679786137009133,100.0,300,0,4.0,4.0,0.0,0.0,1.6133696875583732,5.619834118198561,1.6909609491522224,0,0,0,0,1200,0,1200,1200,0,1200,1200,0,0,0,0,0,0,1200,64,1280.0,10.24,0.0
packet_loss,loss_0.0_latest_only,2,1009,0.0,latest_only,1.8954576776227232,1.7059254221409041,1.6226538492909124,3.3096220533640923,4.618448368145572,100.0,300,0,4.0,4.0,0.0,0.0,1.6112381485563916,7.6397236624848155,1.6935329443397424,0,0,0,0,1200,0,1200,1200,0,1200,1200,0,0,0,0,0,0,1200,64,1280.0,10.24,0.0
packet_loss,loss_0.0_latest_only,3,1010,0.0,latest_only,1.857024593790292,1.6702198900392695,1.5610412597342325,3.080270212581445,4.786154447925297,100.0,300,0,4.0,4.0,0.0,0.0,1.6096544984488688,5.994653919269183,1.6930808485504685,0,0,0,0,1200,0,1200,1200,0,1200,1200,0,0,0,0,0,0,1200,64,1280.0,10.24,0.0
packet_loss,loss_0.0_latest_only,4,1011,0.0,latest_only,1.751139030255739,1.577618133198118,1.481905650202811,2.964823370926775,3.8743467136287495,100.0,300,0,4.0,4.0,0.0,0.0,1.5997354386519589,7.081850199441063,1.6943081172544117,0,0,0,0,1200,0,1200,1200,0,1200,1200,0,0,0,0,0,0,1200,64,1280.0,10.24,0.0
packet_loss,loss_0.0_latest_only,5,1012,0.0,latest_only,1.864740002565618,1.691070848516993,1.6489803366814542,3.0944005219144652,4.372184027734011,100.0,300,0,4.0,4.0,0.0,0.0,1.6432011042079833,6.553775666492559,1.6940984824759042,0,0,0,0,1200,0,1200,1200,0,1200,1200,0,0,0,0,0,0,1200,64,1280.0,10.24,0.0
packet_loss,loss_0.0_latest_only,6,1013,0.0,latest_only,1.86199157450619,1.6845013840585474,1.5736801309144022,3.10579808175783,4.3670218009694945,100.0,300,0,4.0,4.0,0.0,0.0,1.6959725477831398,6.24492871350403,1.6949247686797833,0,0,0,0,1200,0,1200,1200,0,1200,1200,0,0,0,0,0,0,1200,64,1280.0,10.24,0.0
packet_loss,loss_0.0_latest_only,7,1014,0.0,latest_only,1.656998196558032,1.5001242093806917,1.3852929887700092,2.7978301893874677,3.474513361810226,100.0,300,0,4.0,4.0,0.0,0.0,1.6305733514182843,6.381245280245578,1.6940703027161428,0,0,0,0,1200,0,1200,1200,0,1200,1200,0,0,0,0,0,0,1200,64,1280.0,10.24,0.0
packet_loss,loss_0.0_latest_only,8,1015,0.0,latest_only,1.860137256705864,1.6877820355055533,1.6357295507850371,3.102715090520063,4.199394527582384,100.0,300,0,4.0,4.0,0.0,0.0,1.621682180151009,6.495811232586416,1.69324730420064,0,0,0,0,1200,0,1200,1200,0,1200,1200,0,0,0,0,0,0,1200,64,1280.0,10.24,0.0
packet_loss,loss_0.0_latest_only,9,1016,0.0,latest_only,1.8808699005375642,1.6975457608358555,1.6238453312760943,3.0142842648231793,4.537898089002421,100.0,300,0,4.0,4.0,0.0,0.0,1.6528499025043386,5.810400480769065,1.694834260661541,0,0,0,0,1200,0,1200,1200,0,1200,1200,0,0,0,0,0,0,1200,64,1280.0,10.24,0.0
packet_loss,loss_0.0_latest_only,10,1017,0.0,latest_only,1.8507056865792988,1.6731456076366091,1.5529824212573855,3.0960462585046002,4.367384281759953,100.0,300,0,4.0,4.0,0.0,0.0,1.6076765788096161,5.245544929559707,1.6911045804441571,0,0,0,0,1200,0,1200,1200,0,1200,1200,0,0,0,0,0,0,1200,64,1280.0,10.24,0.0
packet_loss,loss_0.0_latest_only,11,1018,0.0,latest_only,1.8571072889595661,1.6602815649905964,1.5057270994366765,3.277560273853655,4.89965616613641,100.0,300,0,4.0,4.0,0.0,0.0,1.6477934424895624,7.581374472299065,1.6919617800597122,0,0,0,0,1200,0,1200,1200,0,1200,1200,0,0,0,0,0,0,1200,64,1280.0,10.24,0.0
packet_loss,loss_0.0_latest_only,12,1019,0.0,latest_only,1.9368288247851722,1.732311644302566,1.6099647881420496,3.2429778101467566,4.1055784342934825,100.0,300,0,4.0,4.0,0.0,0.0,1.6440099233098175,5.776625153110616,1.6939946963757337,0,0,0,0,1200,0,1200,1200,0,1200,1200,0,0,0,0,0,0,1200,64,1280.0,10.24,0.0
packet_loss,loss_0.0_latest_only,13,1020,0.0,latest_only,1.8053063831576746,1.6351060204880403,1.5541381244260628,3.108902957236684,4.222603702750672,100.0,300,0,4.0,4.0,0.0,0.0,1.6855945316461962,5.913524815181172,1.6935415543927834,0,0,0,0,1200,0,1200,1200,0,1200,1200,0,0,0,0,0,0,1200,64,1280.0,10.24,0.0
packet_loss,loss_0.0_latest_only,14,1021,0.0,latest_only,1.843682096197289,1.6231899736846442,1.4524384082765138,3.305298084802581,4.821787588364536,100.0,300,0,4.0,4.0,0.0,0.0,1.590833012321091,6.398963588381565,1.69366038569812,0,0,0,0,1200,0,1200,1200,0,1200,1200,0,0,0,0,0,0,1200,64,1280.0,10.24,0.0
packet_loss,loss_0.0_latest_only,15,1022,0.0,latest_only,1.9876079020879367,1.7851097185213605,1.678738250300137,3.2524847566760533,5.367379182116939,100.0,300,0,4.0,4.0,0.0,0.0,1.6426702492138725,5.6795910429757095,1.6951936852173923,0,0,0,0,1200,0,1200,1200,0,1200,1200,0,0,0,0,0,0,1200,64,1280.0,10.24,0.0
packet_loss,loss_0.0_latest_only,16,1023,0.0,latest_only,1.8142134588845227,1.6295817405385378,1.502453702564884,3.216961126412243,4.389283793504909,100.0,300,0,4.0,4.0,0.0,0.0,1.6158341825752438,5.2031079678195695,1.6937169978339566,0,0,0,0,1200,0,1200,1200,0,1200,1200,0,0,0,0,0,0,1200,64,1280.0,10.24,0.0
packet_loss,loss_0.0_latest_only,17,1024,0.0,latest_only,1.7559712865774975,1.5743201196196444,1.4765488108165266,3.0158909140260515,4.280177665061247,100.0,300,0,4.0,4.0,0.0,0.0,1.6282251014023568,6.15509134433702,1.6938211076970713,0,0,0,0,1200,0,1200,1200,0,1200,1200,0,0,0,0,0,0,1200,64,1280.0,10.24,0.0
packet_loss,loss_0.0_latest_only,18,1025,0.0,latest_only,1.7377831784888114,1.5699058402202117,1.5093563138071155,2.92252242317307,4.146178492812701,100.0,300,0,4.0,4.0,0.0,0.0,1.62170756579142,5.767721389958301,1.6962627303759616,0,0,0,0,1200,0,1200,1200,0,1200,1200,0,0,0,0,0,0,1200,64,1280.0,10.24,0.0
packet_loss,loss_0.0_latest_only,19,1026,0.0,latest_only,1.8914025736072777,1.7103292313332865,1.577819034800906,3.30207959275256,4.244453957674279,100.0,300,0,4.0,4.0,0.0,0.0,1.5375965835918233,5.8089025357474116,1.6910324360227322,0,0,0,0,1200,0,1200,1200,0,1200,1200,0,0,0,0,0,0,1200,64,1280.0,10.24,0.0
packet_loss,loss_0.05_tro_sliding_window,0,2007,0.05,tro_sliding_window,0.8447619288331968,0.7832359429354337,0.7528482250579593,1.2935909969864052,1.783546643765846,100.0,300,0,20.183333333333334,3.9966666666666666,0.4401064552673133,1.0,1.889700393213389,9.241842888161214,1.729827752022942,155,0,0,0,1200,78,1122,1122,0,1122,1122,0,72,77,0,0,0,1200,64,1280.0,10.24,0.0
packet_loss,loss_0.05_tro_sliding_window,1,2008,0.05,tro_sliding_window,0.8088231791745052,0.7452587818838498,0.7124895524770753,1.2868141019188448,1.8994820350541635,100.0,300,0,20.563333333333333,4.0,0.4402388420335908,1.0,1.9829277586309861,8.286144148410497,1.7252091420421678,114,0,0,0,1200,57,1143,1143,0,1143,1143,0,56,57,0,0,0,1200,64,1280.0,10.24,0.0
packet_loss,loss_0.05_tro_sliding_window,2,2009,0.05,tro_sliding_window,0.8278290088270679,0.7637578903919054,0.7355635554691222,1.3256237305899368,2.249397417211112,100.0,300,0,20.41,4.0,0.44034244125614286,1.0,1.9442713502033537,8.125672662500305,1.7267417165487196,136,0,0,0,1200,68,1132,1132,0,1132,1132,0,65,68,0,0,0,1200,64,1280.0,10.24,0.0
packet_loss,loss_0.05_tro_sliding_window,3,2010,0.05,tro_sliding_window,0.831504229324401,0.7457586364848354,0.6997150131153336,1.4000614510887799,2.1563184767871943,100.0,300,0,20.586666666666666,4.0,0.4404568037385327,1.0,1.9220043989665423,7.418964156609273,1.7122568729980572,116,0,0,0,1200,58,1142,1142,0,1142,1142,0,56,58,0,0,0,1200,64,1280.0,10.24,0.0
packet_loss,loss_0.05_tro_sliding_window,4,2011,0.05,tro_sliding_window,0.8045830703989187,0.7353750270637222,0.7066719173110738,1.290141647309058,1.7617592174683612,100.0,300,0,20.63,4.0,0.44024197432018325,1.0,1.8979835233497693,7.346529752833137,1.7157808109291455,108,0,0,0,1200,54,1146,1146,0,1146,1146,0,50,54,0,0,0,1200,64,1280.0,10.24,0.0
packet_loss,loss_0.05_tro_sliding_window,5,2012,0.05,tro_sliding_window,0.7971947062832678,0.7227233801907238,0.6672503172802687,1.2712760277031725,1.978374530667239,100.0,300,0,20.536666666666665,4.0,0.44033172421870953,1.0,1.908852606471611,7.805346594187372,1.7141464363240584,116,0,0,0,1200,58,1142,1142,0,1142,1142,0,57,58,0,0,0,1200,64,1280.0,10.24,0.0
packet_loss,loss_0.05_tro_sliding_window,6,2013,0.05,tro_sliding_window,0.8628393218219657,0.7967582200046894,0.7704595065797444,1.410566515813527,1.8766704295717564,100.0,300,0,20.64,4.0,0.4406355927730425,1.0,1.9708298106435191,9.4043206360817,1.712110512334981,108,0,0,0,1200,54,1146,1146,0,1146,1146,0,52,54,0,0,0,1200,64,1280.0,10.24,0.0
packet_loss,loss_0.05_tro_sliding_window,7,2014,0.05,tro_sliding_window,0.8040930017026695,0.7247102940336568,0.6799005152366426,1.2710208191550008,3.588573055927983,100.0,300,0,20.41,4.0,0.4403960982955482,1.0,1.9659245715299563,7.599999354050806,1.7219598461878456,132,0,0,0,1200,66,1134,1134,0,1134,1134,0,64,66,0,0,0,1200,64,1280.0,10.24,0.0
packet_loss,loss_0.05_tro_sliding_window,8,2015,0.05,tro_sliding_window,0.8375753354103385,0.7671397924015702,0.7402981559402335,1.36132818627551,1.879284476843392,100.0,300,0,20.63,4.0,0.44016957265027185,1.0,1.9207951833639287,8.441609380105646,1.7115478130379824,108,0,0,0,1200,54,1146,1146,0,1146,1146,0,52,54,0,0,0,1200,64,1280.0,10.24,0.0
packet_loss,loss_0.05_tro_sliding_window,9,2016,0.05,tro_sliding_window,0.7710445428466546,0.7013767146312259,0.6465597657433777,1.313980251501345,2.0646530316990566,100.0,300,0,20.47,3.9966666666666666,0.4400754590741385,1.0,1.8948204904130261,7.800212332992103,1.7211993171576365,125,0,0,0,1200,63,1137,1137,0,1137,1137,0,61,62,0,0,0,1200,64,1280.0,10.24,0.0
packet_loss,loss_0.05_tro_sliding_window,10,2017,0.05,tro_sliding_window,0.8370942919555214,0.7719202959533326,0.7386257034156232,1.337272504442483,2.1760812552256925,100.0,300,0,20.3,4.0,0.44010341855277774,1.0,1.9467376510974035,7.533638308957755,1.7345011820243106,146,0,0,0,1200,73,1127,1127,0,1127,1127,0,69,73,0,0,0,1200,64,1280.0,10.24,0.0
packet_loss,loss_0.05_tro_sliding_window,11,2018,0.05,tro_sliding_window,0.7976123310496543,0.7336191630815267,0.6966366425910937,1.2973311600067128,2.1243839896386656,100.0,300,0,20.49,4.0,0.4402071142743796,1.0,1.9103387438173363,7.7207598057692275,1.7224046676742208,122,0,0,0,1200,61,1139,1139,0,1139,1139,0,56,61,0,0,0,1200,64,1280.0,10.24,0.0
packet_loss,loss_0.05_tro_sliding_window,12,2019,0.05,tro_sliding_window,0.8148140849930844,0.7512920519407223,0.7194444662186642,1.2895656611474298,2.008874295999066,100.0,300,0,20.656666666666666,4.0,0.44036121099203795,1.0,1.9575977286423456,8.086308644037155,1.713448448947194,106,0,0,0,1200,53,1147,1147,0,1147,1147,0,50,53,0,0,0,1200,64,1280.0,10.24,0.0
packet_loss,loss_0.05_tro_sliding_window,13,2020,0.05,tro_sliding_window,0.7465989837968358,0.6810051752609746,0.6358029451134992,1.217381690356398,1.5265081049311595,100.0,300,0,20.433333333333334,4.0,0.44060174403950325,1.0,1.882693128242048,6.640670466437739,1.723151374504687,131,0,0,0,1200,66,1134,1134,0,1134,1134,0,62,65,0,0,0,1200,64,1280.0,10.24,0.0
packet_loss,loss_0.05_tro_sliding_window,14,2021,0.05,tro_sliding_window,0.7908553164816798,0.7219068784900067,0.6993745081679172,1.257860981633645,1.8742857062714182,100.0,300,0,20.743333333333332,4.0,0.44033322339568653,1.0,1.8464376670834493,7.593610260632661,1.709023125220846,96,0,0,0,1200,48,1152,1152,0,1152,1152,0,45,48,0,0,0,1200,64,1280.0,10.24,0.0
packet_loss,loss_0.05_tro_sliding_window,15,2022,0.05,tro_sliding_window,0.8419007871291716,0.7762135401456425,0.7583321709483193,1.3468027600896917,1.60870815145479,100.0,300,0,20.32,4.0,0.44052722242746994,1.0,1.8615672365361078,7.6621605082701185,1.7264221513194202,144,0,0,0,1200,72,1128,1128,0,1128,1128,0,67,72,0,0,0,1200,64,1280.0,10.24,0.0
packet_loss,loss_0.05_tro_sliding_window,16,2023,0.05,tro_sliding_window,0.8223154304236759,0.7499903285963623,0.722666877372327,1.3315309236773205,1.887055057437755,100.0,300,0,20.596666666666668,4.0,0.4404500706981376,1.0,1.9231015027161538,8.105764057877076,1.7172984501115407,116,0,0,0,1200,58,1142,1142,0,1142,1142,0,56,58,0,0,0,1200,64,1280.0,10.24,0.0
packet_loss,loss_0.05_tro_sliding_window,17,2024,0.05,tro_sliding_window,0.8395189248995386,0.7704483744858943,0.7478863368798195,1.341236069578633,2.187612530861122,100.0,300,0,20.19333333333333,4.0,0.4404186873219131,1.0,1.9066098312751623,8.067971181207854,1.7351692279712627,158,0,0,0,1200,79,1121,1121,0,1121,1121,0,73,79,0,0,0,1200,64,1280.0,10.24,0.0
packet_loss,loss_0.05_tro_sliding_window,18,2025,0.05,tro_sliding_window,0.807101387831743,0.7524314795679806,0.7319287188447852,1.2833259164299808,1.582731914452802,100.0,300,0,20.296666666666667,4.0,0.44049612014905315,1.0,1.960681867009106,7.280990967748366,1.7216331643000709,146,0,0,0,1200,73,1127,1127,0,1127,1127,0,69,73,0,0,0,1200,64,1280.0,10.24,0.0
packet_loss,loss_0.05_tro_sliding_window,19,2026,0.05,tro_sliding_window,0.8701318610286906,0.7969187965197928,0.7549634089022343,1.4546900105151614,1.9056761211197288,100.0,300,0,20.523333333333333,4.0,0.4403176206293737,1.0,1.9195054389526038,7.299069365035506,1.720489908256781,121,0,0,0,1200,61,1139,1139,0,1139,1139,0,56,60,0,0,0,1200,64,1280.0,10.24,0.0
packet_loss,loss_0.05_latest_only,0,3007,0.05,latest_only,1.803987788370182,1.6460146926086263,1.4922589269378372,2.9936324373314993,4.022286943651058,100.0,300,0,4.0,4.0,0.010833333333333377,0.4000000000000057,1.6092220782826128,6.684213321841475,1.691884405324203,124,0,0,0,1200,62,1138,1138,0,1138,1138,0,59,62,0,0,0,1200,64,1280.0,10.24,0.0
packet_loss,loss_0.05_latest_only,1,3008,0.05,latest_only,1.8634265203252027,1.693438799076216,1.557449863733729,3.0063255826024786,5.337127926272516,100.0,300,0,3.9966666666666666,3.9966666666666666,0.010666666666666727,0.4000000000000057,1.562895952805704,5.816489768704164,1.6969016015354241,120,0,0,0,1200,61,1139,1139,0,1139,1139,0,55,59,0,0,0,1200,64,1280.0,10.24,0.0
packet_loss,loss_0.05_latest_only,2,3009,0.05,latest_only,1.7835080661359797,1.6047730021388267,1.4689219269864318,3.0775581068111135,3.9569562734095296,100.0,300,0,4.0,4.0,0.008500000000000058,0.20000000000000284,1.5544775802030606,5.457386370160548,1.6915252597976844,101,0,0,0,1200,51,1149,1149,0,1149,1149,0,50,50,0,0,0,1200,64,1280.0,10.24,0.0
packet_loss,loss_0.05_latest_only,3,3010,0.05,latest_only,1.8192639529724932,1.6315134750125837,1.5507140798683152,3.1163930333766836,4.5433893424428335,100.0,300,0,4.0,4.0,0.013000000000000055,0.4000000000000057,1.6395828178799852,6.3615611293510765,1.6946616540878676,144,0,0,0,1200,72,1128,1128,0,1128,1128,0,66,72,0,0,0,1200,64,1280.0,10.24,0.0
packet_loss,loss_0.05_latest_only,4,3011,0.05,latest_only,1.8339426550026505,1.6612796098988258,1.5912099439523704,3.0760992472293944,4.5322537089406385,100.0,300,0,4.0,4.0,0.011000000000000062,0.4000000000000057,1.6695958128237673,6.326281767123172,1.6937760176941925,126,0,0,0,1200,63,1137,1137,0,1137,1137,0,60,63,0,0,0,1200,64,1280.0,10.24,0.0
packet_loss,loss_0.05_latest_only,5,3012,0.05,latest_only,1.8479533648858995,1.6618541354423484,1.5507994339652793,3.115084411997157,4.477917490593537,100.0,300,0,4.0,4.0,0.012333333333333404,0.4000000000000057,1.5543360604073702,6.827499123691713,1.691424494152362,137,0,0,0,1200,69,1131,1131,0,1131,1131,0,63,68,0,0,0,1200,64,1280.0,10.24,0.0
packet_loss,loss_0.05_latest_only,6,3013,0.05,latest_only,1.9610011948578225,1.7630220008959698,1.6336712423263702,3.3993245467687854,4.657436726913951,100.0,300,0,4.0,4.0,0.0081666666666667,0.3999999999999986,1.660899013732549,6.6798483439660155,1.6936538589773718,96,0,0,0,1200,48,1152,1152,0,1152,1152,0,47,48,0,0,0,1200,64,1280.0,10.24,0.0
packet_loss,loss_0.05_latest_only,7,3014,0.05,latest_only,1.905665178232423,1.7200700583896344,1.6435942665032077,3.296055687531635,4.540938739360597,100.0,300,0,3.9966666666666666,3.9966666666666666,0.009166666666666714,0.4000000000000057,1.6640451982089086,6.375558049317187,1.6962671624005627,107,0,0,0,1200,54,1146,1146,0,1146,1146,0,51,53,0,0,0,1200,64,1280.0,10.24,0.0
packet_loss,loss_0.05_latest_only,8,3015,0.05,latest_only,1.7981716215750172,1.6224017118536769,1.5076586965643002,3.0773586519613483,4.320938468002975,100.0,300,0,4.0,4.0,0.008500000000000044,0.4000000000000057,1.6033328466546586,5.971025550016213,1.6930362282168425,93,0,0,0,1200,47,1153,1153,0,1153,1153,0,42,46,0,0,0,1200,64,1280.0,10.24,0.0
packet_loss,loss_0.05_latest_only,9,3016,0.05,latest_only,1.796206175919781,1.6094945410523158,1.4938298103251126,3.0321744388433722,5.146015240293485,100.0,300,0,3.993333333333333,3.993333333333333,0.010555555555555617,0.4000000000000057,1.5890305568645402,5.820819489919903,1.6980206850230568,126,0,0,0,1200,64,1136,1136,0,1136,1136,0,61,62,0,0,0,1200,64,1280.0,10.24,0.0
packet_loss,loss_0.05_latest_only,10,3017,0.05,latest_only,1.8094741742051346,1.633792472039441,1.5244181678610627,3.1267748710707597,3.779911986424552,100.0,300,0,4.0,4.0,0.011000000000000044,0.40000000000000036,1.5773646094324696,7.798595000488844,1.6914811350398216,129,0,0,0,1200,65,1135,1135,0,1135,1135,0,63,64,0,0,0,1200,64,1280.0,10.24,0.0
packet_loss,loss_0.05_latest_only,11,3018,0.05,latest_only,1.822133106342538,1.6620271398057183,1.5979608862659953,3.129990495508793,4.572146157015001,100.0,300,0,4.0,4.0,0.010666666666666708,0.3999999999999986,1.5991268308625237,6.986496639404207,1.6915854701639694,126,0,0,0,1200,63,1137,1137,0,1137,1137,0,62,63,0,0,0,1200,64,1280.0,10.24,0.0
packet_loss,loss_0.05_latest_only,12,3019,0.05,latest_only,1.9090227824714687,1.706812910319872,1.5449404807440423,3.220231722587774,5.3646430820248,100.0,300,0,4.0,4.0,0.009500000000000059,0.4000000000000057,1.5777865441983279,5.041595061687737,1.6923026831091614,112,0,0,0,1200,56,1144,1144,0,1144,1144,0,55,56,0,0,0,1200,64,1280.0,10.24,0.0
packet_loss,loss_0.05_latest_only,13,3020,0.05,latest_only,1.887434837702677,1.6828664946544007,1.5258512079429267,3.401591745038227,4.850097938270837,100.0,300,0,4.0,4.0,0.012166666666666725,0.4000000000000057,1.6549970110939498,5.3978526371562525,1.6961184863935461,136,0,0,0,1200,68,1132,1132,0,1132,1132,0,63,68,0,0,0,1200,64,1280.0,10.24,0.0
packet_loss,loss_0.05_latest_only,14,3021,0.05,latest_only,1.8766078159786979,1.6895216101971247,1.6064901484240832,2.9935215777460886,5.222217408101862,100.0,300,0,4.0,4.0,0.00833333333333338,0.5999999999999979,1.6018420304028593,5.3792642950192535,1.6940917635273798,92,0,0,0,1200,46,1154,1154,0,1154,1154,0,43,46,0,0,0,1200,64,1280.0,10.24,0.0
packet_loss,loss_0.05_latest_only,15,3022,0.05,latest_only,1.788698484461274,1.6265081610589156,1.5473500999667438,2.9735812558401036,4.0439729278236385,100.0,300,0,3.993333333333333,3.993333333333333,0.012833333333333398,0.4000000000000057,1.699300861276265,5.907735956619332,1.6989004368852911,146,0,0,0,1200,74,1126,1126,0,1126,1126,0,67,72,0,0,0,1200,64,1280.0,10.24,0.0
packet_loss,loss_0.05_latest_only,16,3023,0.05,latest_only,1.8334235475539362,1.6551439063253568,1.5558236368346903,3.112664166670036,4.722442021300437,100.0,300,0,4.0,4.0,0.012166666666666725,0.4000000000000057,1.633592641209881,4.801797685065885,1.6929786718787685,140,0,0,0,1200,70,1130,1130,0,1130,1130,0,67,70,0,0,0,1200,64,1280.0,10.24,0.0
packet_loss,loss_0.05_latest_only,17,3024,0.05,latest_only,1.9140743932260762,1.740935052187126,1.6472822073400364,3.0511405076258793,5.672120635807242,100.0,300,0,3.9966666666666666,3.9966666666666666,0.008833333333333379,0.4000000000000057,1.6535730226273084,7.010830720654443,1.696899328341067,103,0,0,0,1200,52,1148,1148,0,1148,1148,0,49,51,0,0,0,1200,64,1280.0,10.24,0.0
packet_loss,loss_0.05_latest_only,18,3025,0.05,latest_only,1.89391116231928,1.7287328111526268,1.6324161707287377,3.121305786245032,4.123120995598167,100.0,300,0,3.9966666666666666,3.9966666666666666,0.010500000000000046,0.3999999999999986,1.624206151438601,5.630177584341344,1.697242387289707,124,0,0,0,1200,63,1137,1137,0,1137,1137,0,60,61,0,0,0,1200,64,1280.0,10.24,0.0
packet_loss,loss_0.05_latest_only,19,3026,0.05,latest_only,1.838558393644444,1.6766050631047107,1.6076913618384048,2.993767058750361,4.995710658505805,100.0,300,0,4.0,4.0,0.013833333333333397,0.4000000000000057,1.693139617226127,5.7830460296334065,1.6950078769383545,152,0,0,0,1200,76,1124,1124,0,1124,1124,0,69,76,0,0,0,1200,64,1280.0,10.24,0.0
packet_loss,loss_0.1_tro_sliding_window,0,4007,0.1,tro_sliding_window,0.8708574452732838,0.7962950104621084,0.7438915681995886,1.425968022163983,2.011717467181518,100.0,300,0,19.466666666666665,3.9966666666666666,0.44016679322955593,1.0,1.974423039538755,6.6164564521489275,1.7536954417337884,235,0,0,0,1200,118,1082,1082,0,1082,1082,0,110,117,0,0,0,1200,64,1280.0,10.24,0.0
packet_loss,loss_0.1_tro_sliding_window,1,4008,0.1,tro_sliding_window,0.882834623310949,0.8045165663281106,0.7560235547287701,1.4804116915392762,2.1037625029998495,100.0,300,0,19.133333333333333,4.0,0.4406650838244847,1.0,1.923234943745778,6.848763002562087,1.7722981380572567,277,0,0,0,1200,139,1061,1061,0,1061,1061,0,118,138,0,0,0,1200,64,1280.0,10.24,0.0
packet_loss,loss_0.1_tro_sliding_window,2,4009,0.1,tro_sliding_window,0.8449635605197487,0.7762959871265231,0.7145967247471732,1.4446327477678698,2.1992625966707475,100.0,300,0,19.593333333333334,3.993333333333333,0.43942861871493427,1.0,1.8709252172722077,7.853096981705025,1.735330921295282,221,0,0,0,1200,112,1088,1088,0,1088,1088,0,105,109,0,0,0,1200,64,1280.0,10.24,0.0
packet_loss,loss_0.1_tro_sliding_window,3,4010,0.1,tro_sliding_window,0.858644930338768,0.7793996355315382,0.7290277466478773,1.487066328085887,1.9808262717665015,100.0,300,0,19.376666666666665,3.9966666666666666,0.4400711717615896,1.0,1.900907149737909,7.479136696057944,1.758171647842465,246,0,0,0,1200,124,1076,1076,0,1076,1076,0,115,122,0,0,0,1200,64,1280.0,10.24,0.0
packet_loss,loss_0.1_tro_sliding_window,4,4011,0.1,tro_sliding_window,0.863125461186212,0.7717787736276794,0.6903914575687444,1.5404783898394456,2.4913322733980445,100.0,300,0,19.266666666666666,4.0,0.4403996151429641,1.0,1.9250435736102214,7.8011422143486735,1.7629224772513263,256,0,0,0,1200,128,1072,1072,0,1072,1072,0,117,128,0,0,0,1200,64,1280.0,10.24,0.0
packet_loss,loss_0.1_tro_sliding_window,5,4012,0.1,tro_sliding_window,0.8096705018260517,0.7525494391727545,0.736643043991511,1.2641293117147105,1.7896056358549437,100.0,300,0,19.563333333333333,3.993333333333333,0.440015804555472,1.0,1.9798627741711543,10.277093123404565,1.7483336105493679,226,0,0,0,1200,114,1086,1086,0,1086,1086,0,101,112,0,0,0,1200,64,1280.0,10.24,0.0
packet_loss,loss_0.1_tro_sliding_window,6,4013,0.1,tro_sliding_window,0.9433702455094861,0.8639813637261,0.8422175764961,1.5223794431418212,2.218267376100593,100.0,300,0,19.273333333333333,4.0,0.4406419379214155,1.0,1.9200803097884978,7.608241245999602,1.7618958135034355,260,0,0,0,1200,130,1070,1070,0,1070,1070,0,118,130,0,0,0,1200,64,1280.0,10.24,0.0
packet_loss,loss_0.1_tro_sliding_window,7,4014,0.1,tro_sliding_window,0.8212104049762771,0.7377530629805545,0.704018589582269,1.3802899798562211,2.0349037324898704,100.0,300,0,19.30666666666667,3.9966666666666666,0.4397331612214051,1.0,1.8892245678179567,9.035861556184036,1.7529116908269664,253,0,0,0,1200,127,1073,1073,0,1073,1073,0,112,126,0,0,0,1200,64,1280.0,10.24,0.0
packet_loss,loss_0.1_tro_sliding_window,8,4015,0.1,tro_sliding_window,0.9071936192428623,0.8172276395533113,0.7725778515260098,1.5213091829009908,1.991244786199595,100.0,300,0,19.383333333333333,3.9966666666666666,0.44044972153425704,1.0,1.9282876023316764,10.12483474510158,1.7534545053412403,249,0,0,0,1200,125,1075,1075,0,1075,1075,0,113,124,0,0,0,1200,64,1280.0,10.24,0.0
packet_loss,loss_0.1_tro_sliding_window,9,4016,0.1,tro_sliding_window,0.793605723216064,0.7245707615799734,0.6956503010359902,1.272902731033822,1.9845090010145274,100.0,300,0,19.406666666666666,3.9966666666666666,0.440341014608004,1.0,1.889746362395144,8.524845170408271,1.7518389228227897,242,0,0,0,1200,122,1078,1078,0,1078,1078,0,110,120,0,0,0,1200,64,1280.0,10.24,0.0
packet_loss,loss_0.1_tro_sliding_window,10,4017,0.1,tro_sliding_window,0.9267820292287812,0.8427462380148741,0.7843306896650327,1.5805235494071146,2.145187096670334,100.0,300,0,19.473333333333333,4.0,0.4403138142039998,1.0,1.9615120272671538,8.41873961632551,1.7655013968621014,238,0,0,0,1200,119,1081,1081,0,1081,1081,0,106,119,0,0,0,1200,64,1280.0,10.24,0.0
packet_loss,loss_0.1_tro_sliding_window,11,4018,0.1,tro_sliding_window,0.9131214159577571,0.8500177947004813,0.8428135930504013,1.3765159259161168,1.9722427211454463,100.0,300,0,19.373333333333335,4.0,0.44042438245586235,1.0,1.982355999561994,7.399479780199909,1.7475738890024923,249,0,0,0,1200,125,1075,1075,0,1075,1075,0,113,124,0,0,0,1200,64,1280.0,10.24,0.0
packet_loss,loss_0.1_tro_sliding_window,12,4019,0.1,tro_sliding_window,0.839353491476455,0.7660208985821241,0.7306610651150897,1.3909952982552798,1.8912800850599794,100.0,300,0,19.35,4.0,0.440549408844972,1.0,1.8908453009730166,7.163116753994944,1.7494081452626105,252,0,0,0,1200,126,1074,1074,0,1074,1074,0,112,126,0,0,0,1200,64,1280.0,10.24,0.0
packet_loss,loss_0.1_tro_sliding_window,13,4020,0.1,tro_sliding_window,0.8575643517083157,0.791908227670346,0.7520131558020253,1.3555487742417918,2.142351359929733,100.0,300,0,19.61,3.9966666666666666,0.4400977742996069,1.0,1.9188782655961003,8.930800957846401,1.7561743226755941,219,0,0,0,1200,110,1090,1090,0,1090,1090,0,100,109,0,0,0,1200,64,1280.0,10.24,0.0
packet_loss,loss_0.1_tro_sliding_window,14,4021,0.1,tro_sliding_window,0.8564054188973472,0.7821360283400349,0.7255581776829658,1.4288744156298636,1.9587129608304552,100.0,300,0,19.723333333333333,4.0,0.44041502281563716,1.0,1.9953042541021135,7.460742938298848,1.7399703563475741,208,0,0,0,1200,104,1096,1096,0,1096,1096,0,97,104,0,0,0,1200,64,1280.0,10.24,0.0
packet_loss,loss_0.1_tro_sliding_window,15,4022,0.1,tro_sliding_window,0.8290461370745317,0.7629157654748759,0.75310778230784,1.284495202291805,2.331149230655005,100.0,300,0,19.5,3.9966666666666666,0.4402632519339262,1.0,1.9285117383062462,9.376856398731954,1.761459280500153,238,0,0,0,1200,120,1080,1080,0,1080,1080,0,105,118,0,0,0,1200,64,1280.0,10.24,0.0
packet_loss,loss_0.1_tro_sliding_window,16,4023,0.1,tro_sliding_window,0.8392671007825263,0.7641092630208614,0.7395604603676271,1.4088321611073098,1.7928287989378586,100.0,300,0,19.65,4.0,0.44041614041174065,1.0,1.8531326147827334,8.627353600831876,1.7448555269318438,218,0,0,0,1200,109,1091,1091,0,1091,1091,0,98,109,0,0,0,1200,64,1280.0,10.24,0.0
packet_loss,loss_0.1_tro_sliding_window,17,4024,0.1,tro_sliding_window,0.8526788714206366,0.7898057466558135,0.7740419345636685,1.3444277011879275,2.1047755671263992,100.0,300,0,19.8,4.0,0.4405662608075401,1.0,1.8814769187389033,7.425139204751262,1.740318413173773,202,0,0,0,1200,101,1099,1099,0,1099,1099,0,92,101,0,0,0,1200,64,1280.0,10.24,0.0
packet_loss,loss_0.1_tro_sliding_window,18,4025,0.1,tro_sliding_window,0.8201858110347783,0.7435175234386835,0.7016389593115491,1.4042361830335388,1.8857994318999012,100.0,300,0,19.916666666666668,4.0,0.44021072352825474,1.0,1.851045064552147,8.6100213639661,1.742210084061617,186,0,0,0,1200,93,1107,1107,0,1107,1107,0,87,93,0,0,0,1200,64,1280.0,10.24,0.0
packet_loss,loss_0.1_tro_sliding_window,19,4026,0.1,tro_sliding_window,0.8349880874457708,0.7560138835293656,0.6905546463299728,1.3568493276475178,2.0759974165511426,100.0,300,0,19.133333333333333,4.0,0.4406068452231246,1.0,1.9406961762424138,6.751933276907757,1.7666840849002248,272,0,0,0,1200,136,1064,1064,0,1064,1064,0,122,136,0,0,0,1200,64,1280.0,10.24,0.0
packet_loss,loss_0.1_latest_only,0,5007,0.1,latest_only,1.7802839408406506,1.6104399985329194,1.487010749100471,2.9543750158216375,4.20759164574499,100.0,300,0,4.0,4.0,0.0216666666666668,0.6000000000000085,1.6558009042363018,6.774303528354692,1.6941849801821884,228,0,0,0,1200,115,1085,1085,0,1085,1085,0,99,113,0,0,0,1200,64,1280.0,10.24,0.0
packet_loss,loss_0.1_latest_only,1,5008,0.1,latest_only,1.909344702004992,1.702354359319316,1.5512998997263316,3.201481497860184,5.875885417873693,100.0,300,0,4.0,4.0,0.020500000000000122,0.4000000000000057,1.6231050689297135,5.899498426844713,1.693704904322063,228,0,0,0,1200,114,1086,1086,0,1086,1086,0,105,114,0,0,0,1200,64,1280.0,10.24,0.0
packet_loss,loss_0.1_latest_only,2,5009,0.1,latest_only,1.8359935269981127,1.6536687239737164,1.4854656582677257,3.237720604922443,3.904014941473984,100.0,300,0,4.0,4.0,0.022500000000000107,0.5999999999999979,1.6115006752467294,5.375783997581876,1.6934165711443128,251,0,0,0,1200,126,1074,1074,0,1074,1074,0,117,125,0,0,0,1200,64,1280.0,10.24,0.0
packet_loss,loss_0.1_latest_only,3,5010,0.1,latest_only,1.7365394254991358,1.5737439546833378,1.5106520505831387,2.953732215568838,4.255632629997174,100.0,300,0,4.0,4.0,0.02100000000000011,0.4000000000000057,1.5831830277416046,6.029743854043715,1.6942046905526662,239,0,0,0,1200,120,1080,1080,0,1080,1080,0,113,119,0,0,0,1200,64,1280.0,10.24,0.0
packet_loss,loss_0.1_latest_only,4,5011,0.1,latest_only,1.9009560080189707,1.7053328396927554,1.5137212266938536,3.296251090928588,4.828643535253645,100.0,300,0,3.9966666666666666,3.9966666666666666,0.024333333333333467,0.4000000000000057,1.6350542840803373,5.90626705984541,1.6986922255165517,273,0,0,0,1200,137,1063,1063,0,1063,1063,0,126,136,0,0,0,1200,64,1280.0,10.24,0.0
packet_loss,loss_0.1_latest_only,5,5012,0.1,latest_only,1.8822249108509597,1.6992184997775026,1.596604111978067,3.05893781246115,4.717594002049354,100.0,300,0,3.993333333333333,3.993333333333333,0.022166666666666782,0.4000000000000057,1.5861626465270813,5.4334669953999235,1.6942903769022992,238,0,0,0,1200,120,1080,1080,0,1080,1080,0,103,118,0,0,0,1200,64,1280.0,10.24,0.0
packet_loss,loss_0.1_latest_only,6,5013,0.1,latest_only,1.8437083663799787,1.667071452190224,1.640220700455196,3.0992362390612667,4.341749392312846,100.0,300,0,4.0,4.0,0.02333333333333348,0.4000000000000057,1.6484380802099647,6.28748863289372,1.6944385390955563,252,0,0,0,1200,126,1074,1074,0,1074,1074,0,112,126,0,0,0,1200,64,1280.0,10.24,0.0
packet_loss,loss_0.1_latest_only,7,5014,0.1,latest_only,1.8375583109128282,1.6697211769682623,1.591621489455927,3.0467508599218305,4.442447186107679,100.0,300,0,3.993333333333333,3.993333333333333,0.01983333333333342,0.4000000000000057,1.6906145270610018,6.699010630689252,1.7013006073549106,226,0,0,0,1200,114,1086,1086,0,1086,1086,0,105,112,0,0,0,1200,64,1280.0,10.24,0.0
packet_loss,loss_0.1_latest_only,8,5015,0.1,latest_only,1.9414582079150289,1.7566656555996747,1.599695613801445,3.182464716157416,4.860467203779881,100.0,300,0,4.0,4.0,0.018833333333333428,0.6000000000000085,1.6691713979158085,6.318850518528287,1.6934534265852568,209,0,0,0,1200,105,1095,1095,0,1095,1095,0,98,104,0,0,0,1200,64,1280.0,10.24,0.0
packet_loss,loss_0.1_latest_only,9,5016,0.1,latest_only,1.8358671524888794,1.6424186246452464,1.5023332250951056,3.130135719593184,4.787685530082903,100.0,300,0,4.0,4.0,0.02200000000000011,0.6000000000000085,1.649196773973703,5.523812462313709,1.6932421978639993,238,0,0,0,1200,119,1081,1081,0,1081,1081,0,107,119,0,0,0,1200,64,1280.0,10.24,0.0
packet_loss,loss_0.1_latest_only,10,5017,0.1,latest_only,1.9710778172062728,1.7857429990091986,1.6929502947516408,3.3797781386021555,3.9017802574633755,100.0,300,0,4.0,4.0,0.02300000000000012,0.6000000000000085,1.644922734144067,5.950072469402485,1.6935616767940604,240,0,0,0,1200,120,1080,1080,0,1080,1080,0,105,120,0,0,0,1200,64,1280.0,10.24,0.0
packet_loss,loss_0.1_latest_only,11,5018,0.1,latest_only,1.7350839380522047,1.5675008254528426,1.513201398725995,3.003404355529638,3.8443230690708705,100.0,300,0,4.0,4.0,0.024833333333333485,0.6000000000000085,1.6014344297988288,5.462302368036986,1.6930124103901703,273,0,0,0,1200,137,1063,1063,0,1063,1063,0,125,136,0,0,0,1200,64,1280.0,10.24,0.0
packet_loss,loss_0.1_latest_only,12,5019,0.1,latest_only,1.8624726336230635,1.6610184155871077,1.5479813708261472,3.1823862321950567,4.51353566522769,100.0,300,0,4.0,4.0,0.022000000000000124,0.5999999999999979,1.6476505545677635,6.629306686793835,1.6925864082138058,237,0,0,0,1200,119,1081,1081,0,1081,1081,0,106,118,0,0,0,1200,64,1280.0,10.24,0.0
packet_loss,loss_0.1_latest_only,13,5020,0.1,latest_only,1.8711579313628932,1.7114721265742487,1.6121300373072776,3.047691412770985,4.740773229441157,100.0,300,0,3.9966666666666666,3.9966666666666666,0.021000000000000126,0.5999999999999979,1.6650138938682444,7.859299263030935,1.6978658026639246,229,0,0,0,1200,115,1085,1085,0,1085,1085,0,103,114,0,0,0,1200,64,1280.0,10.24,0.0
packet_loss,loss_0.1_latest_only,14,5021,0.1,latest_only,1.9072565301091697,1.7364078196175095,1.6223556163894894,3.217051388430531,4.019799698607549,100.0,300,0,3.9966666666666666,3.9966666666666666,0.023833333333333463,0.6000000000000085,1.6305292526711574,6.21962976170638,1.6954069792662438,257,0,0,0,1200,129,1071,1071,0,1071,1071,0,114,128,0,0,0,1200,64,1280.0,10.24,0.0
packet_loss,loss_0.1_latest_only,15,5022,0.1,latest_only,1.7941467661755508,1.6220317153120871,1.5135036575041703,2.8956019699909197,4.863892861667765,100.0,300,0,3.9966666666666666,3.9966666666666666,0.02266666666666677,0.6000000000000085,1.6484604862701884,5.897789600680631,1.6930386343120414,247,0,0,0,1200,124,1076,1076,0,1076,1076,0,111,123,0,0,0,1200,64,1280.0,10.24,0.0
packet_loss,loss_0.1_latest_only,16,5023,0.1,latest_only,1.9224267519294027,1.7455293195471844,1.666546471744466,3.16758637169861,4.530997881590277,100.0,300,0,4.0,4.0,0.020500000000000115,0.6000000000000085,1.6647766401269033,6.626890487236864,1.69110877482587,220,0,0,0,1200,110,1090,1090,0,1090,1090,0,98,110,0,0,0,1200,64,1280.0,10.24,0.0
packet_loss,loss_0.1_latest_only,17,5024,0.1,latest_only,1.7931641304057309,1.6110271210189735,1.433663565782883,3.143526833710424,4.755929814189827,100.0,300,0,4.0,4.0,0.021833333333333402,0.5999999999999979,1.6444823598272522,5.668498420967071,1.6944834705497909,239,0,0,0,1200,120,1080,1080,0,1080,1080,0,109,119,0,0,0,1200,64,1280.0,10.24,0.0
packet_loss,loss_0.1_latest_only,18,5025,0.1,latest_only,1.9045818381467086,1.7315701951806552,1.6276684906844427,3.2535764635944373,4.28134289519326,100.0,300,0,3.9966666666666666,3.9966666666666666,0.021000000000000105,0.6000000000000005,1.6862260244662,6.637749623337747,1.6967794893684738,229,0,0,0,1200,115,1085,1085,0,1085,1085,0,103,114,0,0,0,1200,64,1280.0,10.24,0.0
packet_loss,loss_0.1_latest_only,19,5026,0.1,latest_only,1.864067381637016,1.6929092158292809,1.6858306934552851,3.1182560227853826,4.515585049892967,100.0,300,0,4.0,4.0,0.020500000000000115,0.6000000000000085,1.654418006361538,5.981274367321238,1.6925680187992196,217,0,0,0,1200,109,1091,1091,0,1091,1091,0,95,108,0,0,0,1200,64,1280.0,10.24,0.0
packet_loss,loss_0.2_tro_sliding_window,0,6007,0.2,tro_sliding_window,0.816982161633292,0.7273993752158071,0.6604558618831067,1.3960220503968301,2.8351115608186084,100.0,300,0,17.15,3.993333333333333,0.44004721357124293,1.0,1.939077097468716,8.70268198968294,1.8165280072572576,496,0,0,0,1200,249,951,951,0,951,951,0,197,247,0,0,0,1200,64,1280.0,10.24,0.0
packet_loss,loss_0.2_tro_sliding_window,1,6008,0.2,tro_sliding_window,0.8885244963704929,0.8149903574106955,0.7726911597199493,1.4382392980941372,1.9889428154252526,100.0,300,0,17.43,4.0,0.44055205671098313,1.0,1.9788397109095983,8.602963298067193,1.8000355017925662,463,0,0,0,1200,232,968,968,0,968,968,0,184,231,0,0,0,1200,64,1280.0,10.24,0.0
packet_loss,loss_0.2_tro_sliding_window,2,6009,0.2,tro_sliding_window,0.8496488842943417,0.7786338606438912,0.7531291446077016,1.4305068929671394,1.7785737891676383,100.0,300,0,17.32,3.9966666666666666,0.44026386706838166,1.0,1.842084577516492,6.9059488914769736,1.8082417516484002,474,0,0,0,1200,238,962,962,0,962,962,0,186,236,0,0,0,1200,64,1280.0,10.24,0.0
packet_loss,loss_0.2_tro_sliding_window,3,6010,0.2,tro_sliding_window,0.9210431919476129,0.8424500569368601,0.8245861211657879,1.4972543412929702,2.1140953082549503,100.0,300,0,17.23,3.993333333333333,0.4398009986095346,1.0,1.8634921594315013,7.291728117533861,1.8291369617470734,481,0,0,0,1200,242,958,958,0,958,958,0,185,239,0,0,0,1200,64,1280.0,10.24,0.0
packet_loss,loss_0.2_tro_sliding_window,4,6011,0.2,tro_sliding_window,0.9817806342427257,0.8662009613844176,0.8401524672405332,1.484768412192059,5.549055739988353,100.0,300,0,17.653333333333332,3.99,0.4399066897359351,1.0,1.9086940085247095,6.955973649301777,1.8553955217488722,438,0,0,0,1200,222,978,978,0,978,978,0,174,216,0,0,0,1200,64,1280.0,10.24,0.0
packet_loss,loss_0.2_tro_sliding_window,5,6012,0.2,tro_sliding_window,0.9300003541900804,0.8426242307413404,0.7967371320606624,1.512883262032482,2.2285396499771197,100.0,300,0,17.153333333333332,3.9966666666666666,0.4403470413625668,1.0,1.9382654232087266,7.463343801418661,1.830180580259016,492,0,0,0,1200,247,953,953,0,953,953,0,200,245,0,0,0,1200,64,1280.0,10.24,0.0
packet_loss,loss_0.2_tro_sliding_window,6,6013,0.2,tro_sliding_window,0.9646442925297922,0.8915898034465966,0.8828356201564116,1.557568804506271,2.1030742342795596,100.0,300,0,17.293333333333333,4.0,0.44036980342847737,1.0,1.9311666011392186,7.749332050748401,1.7988334432064164,476,0,0,0,1200,238,962,962,0,962,962,0,191,238,0,0,0,1200,64,1280.0,10.24,0.0
packet_loss,loss_0.2_tro_sliding_window,7,6014,0.2,tro_sliding_window,0.9128263974250895,0.8232317720396625,0.8151369032634046,1.5126093585073062,2.4118485558732083,100.0,300,0,16.963333333333335,3.986666666666667,0.44007027373074814,1.0,1.910672035189069,7.806580581412727,1.8525741388644996,512,0,0,0,1200,257,943,943,0,943,943,0,185,255,0,0,0,1200,64,1280.0,10.24,0.0
packet_loss,loss_0.2_tro_sliding_window,8,6015,0.2,tro_sliding_window,0.9409649927432968,0.8629980619058645,0.8162599356312334,1.492899781651135,2.533533743540986,100.0,300,0,17.066666666666666,3.99,0.44012068382926695,1.0,1.9680657750676964,7.249332506865101,1.8339576706279184,503,0,0,0,1200,252,948,948,0,948,948,0,194,251,0,0,0,1200,64,1280.0,10.24,0.0
packet_loss,loss_0.2_tro_sliding_window,9,6016,0.2,tro_sliding_window,0.966087440140762,0.8793888902227514,0.847231681783142,1.5526878994642028,2.3543250678169416,100.0,300,0,16.97,3.993333333333333,0.4401159124683036,1.0,1.9737407077557267,8.578772839131103,1.8386745864967144,513,0,0,0,1200,258,942,942,0,942,942,0,208,255,0,0,0,1200,64,1280.0,10.24,0.0
packet_loss,loss_0.2_tro_sliding_window,10,6017,0.2,tro_sliding_window,0.9367204106115485,0.8452930330029002,0.7840470219345237,1.6237533391325123,2.35135358079623,100.0,300,0,17.046666666666667,3.9966666666666666,0.4403700760029289,1.0,1.877621946321912,7.363697547120479,1.8116658154790029,505,0,0,0,1200,254,946,946,0,946,946,0,203,251,0,0,0,1200,64,1280.0,10.24,0.0
packet_loss,loss_0.2_tro_sliding_window,11,6018,0.2,tro_sliding_window,0.8746341835152645,0.8000699571488775,0.7547559466128111,1.4394574723509195,2.056599603665166,100.0,300,0,16.936666666666667,3.9966666666666666,0.440568478302832,1.0,1.913820106787105,7.139863198209099,1.8219375020852437,516,0,0,0,1200,258,942,942,0,942,942,0,202,258,0,0,0,1200,64,1280.0,10.24,0.0
packet_loss,loss_0.2_tro_sliding_window,12,6019,0.2,tro_sliding_window,0.8147211504139116,0.7421622835961115,0.7003102651401257,1.3728793546722728,1.863800924341186,100.0,300,0,17.61,3.9966666666666666,0.44057080103568713,1.0,1.9082801818825466,8.158353381140797,1.8140439224257852,441,0,0,0,1200,223,977,977,0,977,977,0,181,218,0,0,0,1200,64,1280.0,10.24,0.0
packet_loss,loss_0.2_tro_sliding_window,13,6020,0.2,tro_sliding_window,0.8784525753368758,0.8098492897449154,0.762668191138937,1.4479486674880777,1.8129987251561333,100.0,300,0,17.126666666666665,3.993333333333333,0.44030180375193007,1.0,1.867295988062243,8.283646048502224,1.815285911813412,497,0,0,0,1200,250,950,950,0,950,950,0,185,247,0,0,0,1200,64,1280.0,10.24,0.0
packet_loss,loss_0.2_tro_sliding_window,14,6021,0.2,tro_sliding_window,0.9274393265334129,0.865271580232868,0.8228448464327089,1.4246096676610207,1.9814356559776336,100.0,300,0,17.22,3.99,0.43967052134636114,1.0,1.8831807244093406,6.971987133832447,1.8046317267479928,482,0,0,0,1200,243,957,957,0,957,957,0,199,239,0,0,0,1200,64,1280.0,10.24,0.0
packet_loss,loss_0.2_tro_sliding_window,15,6022,0.2,tro_sliding_window,0.8611756331281004,0.7983499909388438,0.7619151602743695,1.3477789560728246,1.6386185773934099,100.0,300,0,17.283333333333335,3.993333333333333,0.440370297370629,1.0,1.8817805779648127,9.199217402290554,1.8042881772142758,476,0,0,0,1200,239,961,961,0,961,961,0,194,237,0,0,0,1200,64,1280.0,10.24,0.0
packet_loss,loss_0.2_tro_sliding_window,16,6023,0.2,tro_sliding_window,0.9282140169700707,0.854838847035195,0.8268054402968028,1.4739702045413052,1.8440063190485383,100.0,300,0,17.366666666666667,3.993333333333333,0.44045298057199916,1.0,1.8868262031994727,8.20777996378875,1.8144164865476933,465,0,0,0,1200,234,966,966,0,966,966,0,188,231,0,0,0,1200,64,1280.0,10.24,0.0
packet_loss,loss_0.2_tro_sliding_window,17,6024,0.2,tro_sliding_window,1.0088886036977935,0.9173410947163779,0.8758318030454022,1.6699613208585833,2.3456120413495434,100.0,300,0,17.296666666666667,4.0,0.4406670980192907,1.0,1.988263761150491,8.377281040029244,1.8239965696154623,478,0,0,0,1200,240,960,960,0,960,960,0,186,238,0,0,0,1200,64,1280.0,10.24,0.0
packet_loss,loss_0.2_tro_sliding_window,18,6025,0.2,tro_sliding_window,0.9640456361732587,0.869057165443312,0.8150017608733033,1.6799823720701221,2.9735321832749118,100.0,300,0,17.15,3.9966666666666666,0.4401557307907509,1.0,1.919253312580487,8.570568201220238,1.8080569829619988,492,0,0,0,1200,247,953,953,0,953,953,0,203,245,0,0,0,1200,64,1280.0,10.24,0.0
packet_loss,loss_0.2_tro_sliding_window,19,6026,0.2,tro_sliding_window,1.001626494446308,0.9026128220741828,0.8330402362523279,1.7523015666362716,2.754459975484964,100.0,300,0,17.233333333333334,3.993333333333333,0.43946527095046606,1.0,1.8583722994890703,7.4473413345451265,1.8260527940421363,481,0,0,0,1200,242,958,958,0,958,958,0,192,239,0,0,0,1200,64,1280.0,10.24,0.0
packet_loss,loss_0.2_latest_only,0,7007,0.2,latest_only,1.8754186879523824,1.6782613440540268,1.5302996693951487,3.304916250888664,5.521975074530211,100.0,300,0,3.993333333333333,3.993333333333333,0.056666666666666976,0.8000000000000114,1.6054223243203627,6.919305023898582,1.6971332836695667,547,0,0,0,1200,274,926,926,0,926,926,0,214,273,0,0,0,1200,64,1280.0,10.24,0.0
packet_loss,loss_0.2_latest_only,1,7008,0.2,latest_only,1.8581022285313682,1.6980163263029926,1.6018087841787911,3.0848141981636354,4.1080833596292345,100.0,300,0,4.0,4.0,0.054166666666667,0.9999999999999964,1.6334216812990972,6.11060251765845,1.6916164431745755,520,0,0,0,1200,260,940,940,0,940,940,0,205,260,0,0,0,1200,64,1280.0,10.24,0.0
packet_loss,loss_0.2_latest_only,2,7009,0.2,latest_only,1.8776657453143692,1.7158472202187995,1.6166770270223079,3.1104143157505257,4.8590654091254315,100.0,300,0,3.986666666666667,3.986666666666667,0.044500000000000206,0.7999999999999972,1.7033873899688161,7.044465146636501,1.700833614273718,442,0,0,0,1200,225,975,975,0,975,975,0,181,217,0,0,0,1200,64,1280.0,10.24,0.0
packet_loss,loss_0.2_latest_only,3,7010,0.2,latest_only,1.758594887430116,1.5847072948705319,1.451328211916086,2.957146184330373,3.8253641491477657,100.0,300,0,4.0,4.0,0.047333333333333553,0.7999999999999972,1.578198288531356,5.53729312918724,1.6921481290674323,453,0,0,0,1200,227,973,973,0,973,973,0,184,226,0,0,0,1200,64,1280.0,10.24,0.0
packet_loss,loss_0.2_latest_only,4,7011,0.2,latest_only,1.7792491501143817,1.5797330810109111,1.4494984101756274,3.05237600557441,4.06878886641064,100.0,300,0,4.0,4.0,0.04966666666666699,0.7999999999999972,1.4995902413177904,5.750919309908379,1.693055181051546,487,0,0,0,1200,244,956,956,0,956,956,0,198,243,0,0,0,1200,64,1280.0,10.24,0.0
packet_loss,loss_0.2_latest_only,5,7012,0.2,latest_only,1.7504362681340613,1.585603446392016,1.524227462530029,2.8568580736659612,4.879585863931102,100.0,300,0,4.0,4.0,0.050666666666666915,0.8000000000000114,1.6462926083663214,6.168824777335049,1.691137637439844,488,0,0,0,1200,244,956,956,0,956,956,0,195,244,0,0,0,1200,64,1280.0,10.24,0.0
packet_loss,loss_0.2_latest_only,6,7013,0.2,latest_only,1.814311599724263,1.6588825532199876,1.6392682461039212,2.9856846224514526,3.7528535189830046,100.0,300,0,4.0,4.0,0.04633333333333363,0.8000000000000114,1.6137946121355788,6.191803729653319,1.6949388490369746,447,0,0,0,1200,224,976,976,0,976,976,0,180,223,0,0,0,1200,64,1280.0,10.24,0.0
packet_loss,loss_0.2_latest_only,7,7014,0.2,latest_only,1.856562167495854,1.6847910201534153,1.583570194456085,3.184715525665191,4.0994263633826105,100.0,300,0,3.9966666666666666,3.9966666666666666,0.047666666666666926,0.6000000000000085,1.5649299227694051,5.796531580976545,1.6952164194210555,475,0,0,0,1200,239,961,961,0,961,961,0,193,236,0,0,0,1200,64,1280.0,10.24,0.0
packet_loss,loss_0.2_latest_only,8,7015,0.2,latest_only,1.9569366208439303,1.7683055920323592,1.6138037345622969,3.3139343957150014,5.739503669064814,100.0,300,0,3.986666666666667,3.986666666666667,0.0483888888888891,0.7999999999999972,1.72396646670481,6.474532126073854,1.7018853574396013,473,0,0,0,1200,239,961,961,0,961,961,0,189,234,0,0,0,1200,64,1280.0,10.24,0.0
packet_loss,loss_0.2_latest_only,9,7016,0.2,latest_only,1.8456478416579334,1.6590523030259914,1.5239816294285868,3.042420344096092,4.399956436009407,100.0,300,0,3.9966666666666666,3.9966666666666666,0.048166666666666906,0.7999999999999972,1.6429356774394728,5.525627534488961,1.6979089476295008,480,0,0,0,1200,241,959,959,0,959,959,0,198,239,0,0,0,1200,64,1280.0,10.24,0.0
packet_loss,loss_0.2_latest_only,10,7017,0.2,latest_only,1.7842802825984068,1.6106983233185497,1.5242543910422075,2.9022667857969724,5.129258963942267,100.0,300,0,4.0,4.0,0.04700000000000028,0.9999999999999964,1.6881043732396896,6.656013928530023,1.6928870209128979,449,0,0,0,1200,226,974,974,0,974,974,0,182,223,0,0,0,1200,64,1280.0,10.24,0.0
packet_loss,loss_0.2_latest_only,11,7018,0.2,latest_only,1.8346063163199227,1.6674129999761742,1.5579330099347648,3.0640342890957757,4.4289841217690915,100.0,300,0,3.9966666666666666,3.9966666666666666,0.053000000000000234,0.8000000000000114,1.5871204697599093,6.192550205366399,1.6956561979689664,504,0,0,0,1200,252,948,948,0,948,948,0,195,252,0,0,0,1200,64,1280.0,10.24,0.0
packet_loss,loss_0.2_latest_only,12,7019,0.2,latest_only,1.987143904914895,1.7652131764408234,1.5782255141673303,3.5236681729129673,5.380996218042954,100.0,300,0,3.9966666666666666,3.9966666666666666,0.04733333333333355,0.8000000000000114,1.654408740525073,5.4975533370277825,1.6940087844901626,465,0,0,0,1200,235,965,965,0,965,965,0,191,230,0,0,0,1200,64,1280.0,10.24,0.0
packet_loss,loss_0.2_latest_only,13,7020,0.2,latest_only,1.84559581949818,1.653117908171122,1.5252255144173237,3.201113532156926,4.853755181663814,100.0,300,0,3.9966666666666666,3.9966666666666666,0.04972222222222251,0.8000000000000114,1.7130614289546129,6.574556219954811,1.6942286302804914,466,0,0,0,1200,234,966,966,0,966,966,0,180,232,0,0,0,1200,64,1280.0,10.24,0.0
packet_loss,loss_0.2_latest_only,14,7021,0.2,latest_only,1.9281330211372696,1.7678675175772898,1.6497200025579355,3.20872332329751,4.875310927107812,100.0,300,0,3.993333333333333,3.993333333333333,0.05088888888888914,0.8000000000000114,1.611052624373377,5.801910665496926,1.7002689963149957,474,0,0,0,1200,239,961,961,0,961,961,0,184,235,0,0,0,1200,64,1280.0,10.24,0.0
packet_loss,loss_0.2_latest_only,15,7022,0.2,latest_only,1.7799522116545294,1.6254711984855634,1.5599148464318024,2.895139869360542,4.617114685218875,100.0,300,0,3.993333333333333,3.993333333333333,0.04944444444444472,0.8000000000000114,1.6949861457951685,6.564204722867661,1.698951365110475,485,0,0,0,1200,243,957,957,0,957,957,0,199,242,0,0,0,1200,64,1280.0,10.24,0.0
packet_loss,loss_0.2_latest_only,16,7023,0.2,latest_only,1.7787727951568055,1.6170297198451435,1.5331306737275034,2.9797152155334063,4.3308394847619365,100.0,300,0,3.993333333333333,3.993333333333333,0.05083333333333362,0.6000000000000085,1.6157610908209226,5.881032141885975,1.6962912925293279,502,0,0,0,1200,252,948,948,0,948,948,0,201,250,0,0,0,1200,64,1280.0,10.24,0.0
packet_loss,loss_0.2_latest_only,17,7024,0.2,latest_only,1.8546504844759042,1.6713158718406782,1.5821458905894805,3.2619597923656016,4.084221447694358,100.0,300,0,4.0,4.0,0.04983333333333355,0.7999999999999972,1.625138093346182,6.929273112596815,1.6927321797339037,500,0,0,0,1200,250,950,950,0,950,950,0,208,250,0,0,0,1200,64,1280.0,10.24,0.0
packet_loss,loss_0.2_latest_only,18,7025,0.2,latest_only,1.7064362009376963,1.5694940491410947,1.445841095356562,2.7337920064164543,4.0298271420294,100.0,300,0,4.0,4.0,0.04416666666666687,0.7999999999999972,1.6061690423470583,5.590661965233726,1.6926454868736527,438,0,0,0,1200,220,980,980,0,980,980,0,181,218,0,0,0,1200,64,1280.0,10.24,0.0
packet_loss,loss_0.2_latest_only,19,7026,0.2,latest_only,1.8265518632512843,1.635697789043373,1.5198666739449522,3.1811252408819004,5.220487626646017,100.0,300,0,3.9966666666666666,3.9966666666666666,0.048166666666666906,0.7999999999999972,1.6740338940569564,7.491298008836488,1.6980171293667683,467,0,0,0,1200,234,966,966,0,966,966,0,188,233,0,0,0,1200,64,1280.0,10.24,0.0
packet_loss,loss_0.3_tro_sliding_window,0,8007,0.3,tro_sliding_window,0.9863102304008126,0.8815667953946328,0.7771468292585855,1.7787537387147692,2.499925925583622,100.0,300,0,15.266666666666667,3.993333333333333,0.44065417068025625,1.0,1.93133720786601,8.537212696891332,1.8809687498783114,705,0,0,0,1200,354,846,846,0,846,846,0,259,351,0,0,0,1200,64,1280.0,10.24,0.0
packet_loss,loss_0.3_tro_sliding_window,1,8008,0.3,tro_sliding_window,1.0326180528369149,0.9243089726281839,0.8512529329715124,1.6971324810089294,2.4935588594755327,100.0,300,0,15.703333333333333,3.9766666666666666,0.4400339730244548,1.0,1.9109224740724722,7.195021968863451,1.942152021428197,655,0,0,0,1200,331,869,869,0,869,869,0,229,324,0,0,0,1200,64,1280.0,10.24,0.0
packet_loss,loss_0.3_tro_sliding_window,2,8009,0.3,tro_sliding_window,1.016269241311735,0.9321545510166247,0.8822255598966763,1.6802423152757238,2.590813005992639,100.0,300,0,15.6,3.9833333333333334,0.44020601862740627,1.0,1.8724787740954556,6.575029963494341,1.8447050710422317,662,0,0,0,1200,334,866,866,0,866,866,0,247,328,0,0,0,1200,64,1280.0,10.24,0.0
packet_loss,loss_0.3_tro_sliding_window,3,8010,0.3,tro_sliding_window,0.9893863798693183,0.9202640452171592,0.8687583569637772,1.538763952204163,2.027190561059143,100.0,300,0,14.966666666666667,3.9766666666666666,0.44057743246892045,1.0,1.927715132086006,8.086305928519725,1.8781807750844344,736,0,0,0,1200,371,829,829,0,829,829,0,255,365,0,0,0,1200,64,1280.0,10.24,0.0
packet_loss,loss_0.3_tro_sliding_window,4,8011,0.3,tro_sliding_window,1.0056250769531319,0.9195374447960573,0.882558396957126,1.66378521820817,2.2303882026154986,100.0,300,0,15.52,4.0,0.4405785486615227,1.0,1.9948007700153736,7.453244970443815,1.8566303262611612,677,0,0,0,1200,340,860,860,0,860,860,0,241,337,0,0,0,1200,64,1280.0,10.24,0.0
packet_loss,loss_0.3_tro_sliding_window,5,8012,0.3,tro_sliding_window,0.9443777561403865,0.8381669642462086,0.743476834344798,1.6308818643213694,2.4218574883251685,100.0,300,0,15.063333333333333,4.0,0.4408075530134372,1.0,1.9168864135983033,8.350415697470503,1.9011701024303875,730,0,0,0,1200,365,835,835,0,835,835,0,236,365,0,0,0,1200,64,1280.0,10.24,0.0
packet_loss,loss_0.3_tro_sliding_window,6,8013,0.3,tro_sliding_window,0.9200608663676492,0.8380699134539196,0.8024515292239851,1.5654799570329534,2.6972296352569956,100.0,300,0,15.413333333333334,3.993333333333333,0.4401167118518867,1.0,1.8987155221022582,8.693734321413382,1.8847189576345098,680,0,0,0,1200,342,858,858,0,858,858,0,233,338,0,0,0,1200,64,1280.0,10.24,0.0
packet_loss,loss_0.3_tro_sliding_window,7,8014,0.3,tro_sliding_window,0.9644016590647875,0.8691424549376143,0.776730181494536,1.6583963032649878,2.55107337984329,100.0,300,0,14.903333333333334,3.98,0.4398073775381844,1.0,1.9187615421504514,7.051757438106753,1.88466822398017,740,0,0,0,1200,372,828,828,0,828,828,0,255,368,0,0,0,1200,64,1280.0,10.24,0.0
packet_loss,loss_0.3_tro_sliding_window,8,8015,0.3,tro_sliding_window,1.0460294738997045,0.9462658987439412,0.902839419494136,1.6710476814144872,4.1922725824901805,100.0,300,0,15.233333333333333,3.986666666666667,0.44008135083061234,1.0,1.9240347749715383,8.133307237123757,1.8833495322481406,707,0,0,0,1200,354,846,846,0,846,846,0,253,353,0,0,0,1200,64,1280.0,10.24,0.0
packet_loss,loss_0.3_tro_sliding_window,9,8016,0.3,tro_sliding_window,0.9654177072606545,0.8889564358064611,0.8605802419419719,1.5000350248397223,2.34932698566414,100.0,300,0,15.086666666666666,3.986666666666667,0.440196941620473,1.0,1.841232275513089,6.97197211502716,1.8650680028821613,715,0,0,0,1200,359,841,841,0,841,841,0,246,356,0,0,0,1200,64,1280.0,10.24,0.0
packet_loss,loss_0.3_tro_sliding_window,10,8017,0.3,tro_sliding_window,1.1134639817101442,1.0307931836651254,0.9895019726404428,1.8071073886185995,2.542740242750372,99.66666666666667,299,1,14.97,3.966666666666667,0.4387129132649276,1.0,1.939415777693203,8.738720263671553,1.8652813254000908,725,0,0,0,1200,366,834,834,0,834,834,0,255,359,0,0,0,1200,64,1280.0,10.24,0.0
packet_loss,loss_0.3_tro_sliding_window,11,8018,0.3,tro_sliding_window,0.9664304850212742,0.8840879964519032,0.838187374641191,1.5661130966708516,2.277238077220631,100.0,300,0,15.076666666666666,3.986666666666667,0.44040590633710014,1.0,1.9759740040030744,7.99645173262869,1.867641809468588,722,0,0,0,1200,364,836,836,0,836,836,0,251,358,0,0,0,1200,64,1280.0,10.24,0.0
packet_loss,loss_0.3_tro_sliding_window,12,8019,0.3,tro_sliding_window,0.9498352286640893,0.8589210152805588,0.7856479166856025,1.5605492432835737,2.4395559465174146,100.0,300,0,15.183333333333334,3.986666666666667,0.4395201429003305,1.0,1.8991735720244711,8.306533734606855,1.8685037460127463,707,0,0,0,1200,356,844,844,0,844,844,0,243,351,0,0,0,1200,64,1280.0,10.24,0.0
packet_loss,loss_0.3_tro_sliding_window,13,8020,0.3,tro_sliding_window,0.9666382290996767,0.8906987879974655,0.8749439862367195,1.6558563978454468,2.2225125022480756,99.66666666666667,299,1,14.633333333333333,3.98,0.43984492608927783,1.0,1.8582754862914914,6.719607235475045,1.8847507542269826,773,0,0,0,1200,389,811,811,0,811,811,0,257,384,0,0,0,1200,64,1280.0,10.24,0.0
packet_loss,loss_0.3_tro_sliding_window,14,8021,0.3,tro_sliding_window,1.0256288992574598,0.8980724250471667,0.8674815492104495,1.6209154261567396,5.562620815547148,100.0,300,0,15.216666666666667,3.986666666666667,0.44022565588293333,1.0,1.8772789688437244,7.10485547808962,1.9018569305308426,706,0,0,0,1200,354,846,846,0,846,846,0,256,352,0,0,0,1200,64,1280.0,10.24,0.0
packet_loss,loss_0.3_tro_sliding_window,15,8022,0.3,tro_sliding_window,0.925591583354443,0.8433867549453712,0.7869711869462204,1.4720796159198786,3.750004495215717,100.0,300,0,15.156666666666666,3.97,0.44045911747637945,1.0,1.8611974519522527,7.8357023196146995,1.9004377796175587,714,0,0,0,1200,360,840,840,0,840,840,0,260,354,0,0,0,1200,64,1280.0,10.24,0.0
packet_loss,loss_0.3_tro_sliding_window,16,8023,0.3,tro_sliding_window,1.0829463898248732,0.9086353192429688,0.8163932008283048,1.6239351217809805,8.009087638471343,100.0,300,0,15.956666666666667,3.99,0.44011693965362897,1.0,1.8664025888422937,7.652301151505917,1.8973591695848306,618,0,0,0,1200,312,888,888,0,888,888,0,220,306,0,0,0,1200,64,1280.0,10.24,0.0
packet_loss,loss_0.3_tro_sliding_window,17,8024,0.3,tro_sliding_window,1.029633528110767,0.9219361279612516,0.8729096741364737,1.714702906020081,2.8432802133968296,100.0,300,0,15.51,3.986666666666667,0.44007073795084817,1.0,1.9180207587684461,7.014374086601532,1.8510840286607937,669,0,0,0,1200,336,864,864,0,864,864,0,240,333,0,0,0,1200,64,1280.0,10.24,0.0
packet_loss,loss_0.3_tro_sliding_window,18,8025,0.3,tro_sliding_window,0.8912575212445523,0.8197449662558318,0.8053623107236912,1.444772829751842,1.877183813650269,100.0,300,0,15.463333333333333,3.986666666666667,0.4397695414148994,1.0,1.9051879715660731,7.158960035823704,1.8822377692613559,675,0,0,0,1200,339,861,861,0,861,861,0,243,336,0,0,0,1200,64,1280.0,10.24,0.0
packet_loss,loss_0.3_tro_sliding_window,19,8026,0.3,tro_sliding_window,0.9265066992572879,0.8417426995928329,0.8121173623121347,1.527267885782155,2.6603428979465678,99.33333333333333,298,2,14.943333333333333,3.9566666666666666,0.43856226616520927,1.0,1.9148249016701482,5.916540818995747,1.8799773622813942,724,0,0,0,1200,367,833,833,0,833,833,0,259,357,0,0,0,1200,64,1280.0,10.24,0.0
packet_loss,loss_0.3_latest_only,0,9007,0.3,latest_only,1.9052139481122001,1.710874358700483,1.606634130263204,3.1941508712550437,5.740937146318231,100.0,300,0,3.98,3.98,0.08922222222222265,0.9999999999999964,1.578623202944353,5.143320652931223,1.704363068464855,718,0,0,0,1200,360,840,840,0,840,840,0,236,358,0,0,0,1200,64,1280.0,10.24,0.0
packet_loss,loss_0.3_latest_only,1,9008,0.3,latest_only,1.7928662777110835,1.6176205234462668,1.4903799816571437,3.02916760113143,4.158031286740852,99.66666666666667,299,1,3.99,3.99,0.08250000000000038,0.8000000000000114,1.584040325877374,5.202705877533803,1.694513231244083,689,0,0,0,1200,348,852,852,0,852,852,0,227,341,0,0,0,1200,64,1280.0,10.24,0.0
packet_loss,loss_0.3_latest_only,2,9009,0.3,latest_only,1.8461786807435479,1.6650124249181824,1.558181998140432,2.9970952015946204,4.420269596826614,100.0,300,0,3.993333333333333,3.993333333333333,0.08816666666666707,0.9999999999999964,1.6613553759085966,6.033289645189579,1.700941867241388,748,0,0,0,1200,375,825,825,0,825,825,0,261,373,0,0,0,1200,64,1280.0,10.24,0.0
packet_loss,loss_0.3_latest_only,3,9010,0.3,latest_only,1.8065958531896193,1.6253426835031906,1.4943156145478613,2.989836286556119,4.67180079639725,100.0,300,0,3.986666666666667,3.986666666666667,0.07905555555555593,0.9999999999999964,1.5678532879173324,8.8797629878949,1.7015022476144968,691,0,0,0,1200,347,853,853,0,853,853,0,246,344,0,0,0,1200,64,1280.0,10.24,0.0
packet_loss,loss_0.3_latest_only,4,9011,0.3,latest_only,1.8442856694510972,1.6430699812447516,1.5169557837479384,3.097798873777989,4.836333550285184,100.0,300,0,3.9833333333333334,3.9833333333333334,0.08822222222222273,0.9999999999999964,1.6130070843939566,6.304295842245263,1.728504463884021,742,0,0,0,1200,372,828,828,0,828,828,0,249,370,0,0,0,1200,64,1280.0,10.24,0.0
packet_loss,loss_0.3_latest_only,5,9012,0.3,latest_only,1.8880826542368347,1.7296658539228784,1.6431728518730737,3.0425268186354306,4.298378878682517,100.0,300,0,3.993333333333333,3.993333333333333,0.08611111111111153,0.8000000000000114,1.7099088454667064,7.147192509675651,1.6999838891014407,731,0,0,0,1200,367,833,833,0,833,833,0,249,364,0,0,0,1200,64,1280.0,10.24,0.0
packet_loss,loss_0.3_latest_only,6,9013,0.3,latest_only,1.8372756230018519,1.6501315262132465,1.5766633381126762,3.091075895875013,4.577759895281375,100.0,300,0,3.993333333333333,3.993333333333333,0.07638888888888928,0.8000000000000114,1.664693945426676,6.534297879616946,1.697763201123219,687,0,0,0,1200,345,855,855,0,855,855,0,250,342,0,0,0,1200,64,1280.0,10.24,0.0
packet_loss,loss_0.3_latest_only,7,9014,0.3,latest_only,1.8651351837953483,1.6902519669982299,1.5579433734050716,3.1772638062279803,4.436240982068933,100.0,300,0,3.9833333333333334,3.9833333333333334,0.07555555555555588,0.8000000000000114,1.6296539665033904,6.4559342172579575,1.7032690174021154,678,0,0,0,1200,340,860,860,0,860,860,0,246,338,0,0,0,1200,64,1280.0,10.24,0.0
packet_loss,loss_0.3_latest_only,8,9015,0.3,latest_only,1.9434644187116215,1.7166426712591816,1.5224821473206502,3.4417623945263975,5.764160030920718,99.66666666666667,299,1,3.98,3.98,0.08588888888888929,0.8000000000000114,1.6617619881735453,5.336496038335473,1.7033027251801705,723,0,0,0,1200,365,835,835,0,835,835,0,248,358,0,0,0,1200,64,1280.0,10.24,0.0
packet_loss,loss_0.3_latest_only,9,9016,0.3,latest_only,1.816253211315478,1.6527365166535646,1.5671017148042883,2.959564846232561,5.108968250516909,100.0,300,0,3.986666666666667,3.986666666666667,0.08372222222222266,0.8000000000000114,1.585900709240375,5.693120560075552,1.7030958485147323,729,0,0,0,1200,365,835,835,0,835,835,0,256,364,0,0,0,1200,64,1280.0,10.24,0.0
packet_loss,loss_0.3_latest_only,10,9017,0.3,latest_only,1.8354916417415645,1.6501174858695609,1.4789600633978246,3.2975790892443704,5.220312300143821,100.0,300,0,3.9833333333333334,3.9833333333333334,0.08011111111111151,0.9999999999999964,1.6696342086163118,5.462880414141594,1.7059963654956227,711,0,0,0,1200,359,841,841,0,841,841,0,258,352,0,0,0,1200,64,1280.0,10.24,0.0
packet_loss,loss_0.3_latest_only,11,9018,0.3,latest_only,1.8089192704083568,1.640644881302749,1.5549845339992556,2.9607929966167945,4.493320082744465,100.0,300,0,3.98,3.98,0.08388888888888935,0.8000000000000114,1.6653286540711314,5.705680703106748,1.7073969551688521,721,0,0,0,1200,361,839,839,0,839,839,0,251,360,0,0,0,1200,64,1280.0,10.24,0.0
packet_loss,loss_0.3_latest_only,12,9019,0.3,latest_only,1.903021594121945,1.7245335045815469,1.5764578112399243,3.186412583823931,4.424264660672981,99.66666666666667,299,1,3.986666666666667,3.986666666666667,0.08116666666666698,0.9999999999999964,1.6515137325249316,6.540627604852634,1.69654939595572,694,0,0,0,1200,350,850,850,0,850,850,0,242,344,0,0,0,1200,64,1280.0,10.24,0.0
packet_loss,loss_0.3_latest_only,13,9020,0.3,latest_only,1.9814406849960762,1.77317243988884,1.6498348482783958,3.3802185659231987,6.437104063213848,99.66666666666667,299,1,3.98,3.98,0.07513935340022335,0.8000000000000114,1.710517656170104,6.170398097044425,1.6990321338154009,670,0,0,0,1200,339,861,861,0,861,861,0,243,331,0,0,0,1200,64,1280.0,10.24,0.0
packet_loss,loss_0.3_latest_only,14,9021,0.3,latest_only,1.9372290497595306,1.746701296000208,1.639413459163448,3.234910622323135,4.8585484781473385,100.0,300,0,3.9966666666666666,3.9966666666666666,0.08066666666666712,0.8000000000000114,1.6837088665425506,6.198461419250765,1.6950247095176785,692,0,0,0,1200,347,853,853,0,853,853,0,243,345,0,0,0,1200,64,1280.0,10.24,0.0
packet_loss,loss_0.3_latest_only,15,9022,0.3,latest_only,1.7924149884644753,1.602300607142577,1.4995003733174241,2.930640165075301,5.009239241968533,100.0,300,0,3.9966666666666666,3.9966666666666666,0.08700000000000041,0.9999999999999964,1.559611783971747,6.401014467489765,1.6950980301589211,726,0,0,0,1200,363,837,837,0,837,837,0,244,363,0,0,0,1200,64,1280.0,10.24,0.0
packet_loss,loss_0.3_latest_only,16,9023,0.3,latest_only,1.8194580644161034,1.6197805873157909,1.516448466071081,3.0557357324059025,4.876742412442142,99.66666666666667,299,1,3.9833333333333334,3.9833333333333334,0.08105555555555595,0.9999999999999964,1.6306974121930222,5.628683048242218,1.6997044870000637,714,0,0,0,1200,359,841,841,0,841,841,0,258,355,0,0,0,1200,64,1280.0,10.24,0.0
packet_loss,loss_0.3_latest_only,17,9024,0.3,latest_only,1.8750685249806305,1.7014313786824913,1.5920541124859948,2.978441701468437,5.646695651696137,100.0,300,0,3.99,3.99,0.09088888888888938,0.9999999999999964,1.6959411820318542,6.624129044851518,1.699341852331349,748,0,0,0,1200,375,825,825,0,825,825,0,249,373,0,0,0,1200,64,1280.0,10.24,0.0
packet_loss,loss_0.3_latest_only,18,9025,0.3,latest_only,1.8251644269744614,1.6387465523449192,1.571796199348928,3.2207058924684593,4.62559162917539,100.0,300,0,3.99,3.99,0.08644444444444488,0.9999999999999964,1.6058641305880834,6.71064757061512,1.69613159634774,752,0,0,0,1200,377,823,823,0,823,823,0,268,375,0,0,0,1200,64,1280.0,10.24,0.0
packet_loss,loss_0.3_latest_only,19,9026,0.3,latest_only,1.8486379117680989,1.6628313492283835,1.5709700061582703,3.2364984666443153,4.366439681701989,100.0,300,0,3.9966666666666666,3.9966666666666666,0.08066666666666701,0.8000000000000114,1.536270065862248,6.028405731933319,1.696567124622851,692,0,0,0,1200,348,852,852,0,852,852,0,242,344,0,0,0,1200,64,1280.0,10.24,0.0
packet_loss,loss_0.5_tro_sliding_window,0,10007,0.5,tro_sliding_window,1.2548639547025207,1.120779783943058,1.0642896883996458,2.035985990250654,2.9837517909644737,99.33333333333333,298,2,10.61,3.9066666666666667,0.4392991760418251,1.0,1.8505084472172366,6.6921985918813895,2.030532174424394,1215,0,0,0,1200,614,586,586,0,586,586,0,316,601,0,0,0,1200,64,1280.0,10.24,0.0
packet_loss,loss_0.5_tro_sliding_window,1,10008,0.5,tro_sliding_window,1.1933820485200453,1.0834904634072242,1.010795271572755,2.002837789297164,2.9830420263798354,100.0,300,0,10.926666666666666,3.91,0.44069515133416254,1.0,1.929928971450742,7.204764211548165,2.0823179215696768,1182,0,0,0,1200,592,608,608,0,608,608,0,297,590,0,0,0,1200,64,1280.0,10.24,0.0
packet_loss,loss_0.5_tro_sliding_window,2,10009,0.5,tro_sliding_window,1.1967777321200879,1.0640896248132028,1.0501698564598723,1.9168407167026944,3.9625831348013443,100.0,300,0,10.63,3.9033333333333333,0.43990639665345743,1.0,1.849314802446031,7.78380007621098,2.0349517358806306,1209,0,0,0,1200,610,590,590,0,590,590,0,303,599,0,0,0,1200,64,1280.0,10.24,0.0
packet_loss,loss_0.5_tro_sliding_window,3,10010,0.5,tro_sliding_window,1.1671426336135617,1.0483755465570437,0.9812406184053142,1.888379941553074,3.4570712068509595,100.0,300,0,10.936666666666667,3.9,0.4402042459174831,1.0,1.8849157535062413,6.538889470004624,2.0598972568244154,1177,0,0,0,1200,590,610,610,0,610,610,0,294,587,0,0,0,1200,64,1280.0,10.24,0.0
packet_loss,loss_0.5_tro_sliding_window,4,10011,0.5,tro_sliding_window,1.2164132669834977,1.1071883220026082,1.0386886344369581,1.994893211558841,3.0802836268198477,100.0,300,0,10.74,3.8633333333333333,0.440785914085916,1.0,1.8186532799965633,7.123208463737977,2.0322095180316833,1206,0,0,0,1200,605,595,595,0,595,595,0,286,601,0,0,0,1200,64,1280.0,10.24,0.0
packet_loss,loss_0.5_tro_sliding_window,5,10012,0.5,tro_sliding_window,1.2670591916800715,1.1562266641059276,1.100258931341201,2.165058973379266,2.618350313611938,100.0,300,0,10.913333333333334,3.91,0.44030428060931354,1.0,1.8333574656065097,8.98424997021732,2.0384494378883495,1180,0,0,0,1200,595,605,605,0,605,605,0,300,585,0,0,0,1200,64,1280.0,10.24,0.0
packet_loss,loss_0.5_tro_sliding_window,6,10013,0.5,tro_sliding_window,1.1016038315886112,1.0014527036162788,0.9734205201492007,1.742326118523181,3.067589338506021,100.0,300,0,10.83,3.9233333333333333,0.44031693546105505,1.0,1.782030109672144,7.050846786202204,2.0961520791376325,1186,0,0,0,1200,596,604,604,0,604,604,0,310,590,0,0,0,1200,64,1280.0,10.24,0.0
packet_loss,loss_0.5_tro_sliding_window,7,10014,0.5,tro_sliding_window,1.077069114654709,0.9689655869646768,0.8950518911746064,1.7838895420467973,2.8877780939626776,100.0,300,0,10.706666666666667,3.87,0.4404697380592137,1.0,1.7465376644168664,6.8461421693133815,2.117173180730077,1205,0,0,0,1200,605,595,595,0,595,595,0,299,600,0,0,0,1200,64,1280.0,10.24,0.0
packet_loss,loss_0.5_tro_sliding_window,8,10015,0.5,tro_sliding_window,1.2200170351870605,1.1084380191507357,1.0147030368752379,2.0128895245189984,3.288635446420917,100.0,300,0,10.82,3.8933333333333335,0.4395046271810997,1.0,1.8007936813787857,6.265054740119048,2.0407469836530945,1194,0,0,0,1200,600,600,600,0,600,600,0,292,594,0,0,0,1200,64,1280.0,10.24,0.0
packet_loss,loss_0.5_tro_sliding_window,9,10016,0.5,tro_sliding_window,1.2386901785434485,1.101340986850432,1.04179972381917,2.0461705417497105,3.370306529958161,100.0,300,0,11.346666666666666,3.89,0.4404732324864697,1.0,1.8771023737035937,7.387992431911833,2.0496366421037027,1125,0,0,0,1200,570,630,630,0,630,630,0,295,555,0,0,0,1200,64,1280.0,10.24,0.0
packet_loss,loss_0.5_tro_sliding_window,10,10017,0.5,tro_sliding_window,1.246683475196689,1.1134794088246693,1.0494285120143398,2.089210938630538,4.152628893905467,99.66666666666667,299,1,10.56,3.9,0.4405543083278396,1.0,1.9211793867402878,6.694929894191762,2.1133359539054135,1219,0,0,0,1200,613,587,587,0,587,587,0,297,606,0,0,0,1200,64,1280.0,10.24,0.0
packet_loss,loss_0.5_tro_sliding_window,11,10018,0.5,tro_sliding_window,1.1197191227177155,1.0060621854688836,0.9293753918359918,1.8539194430168084,2.9357948233295668,99.66666666666667,299,1,10.856666666666667,3.87,0.4396317015228799,1.0,1.8577862849320033,6.885737157753751,2.1472837370197433,1186,0,0,0,1200,601,599,599,0,599,599,0,303,585,0,0,0,1200,64,1280.0,10.24,0.0
packet_loss,loss_0.5_tro_sliding_window,12,10019,0.5,tro_sliding_window,1.2361636814006527,1.127912711519351,1.0467549940138086,2.097357504463468,3.6161209771324683,100.0,300,0,11.403333333333334,3.9466666666666668,0.44018094427932075,1.0,1.9149403297267,7.210563414587354,2.050971775610002,1129,0,0,0,1200,566,634,634,0,634,634,0,302,563,0,0,0,1200,64,1280.0,10.24,0.0
packet_loss,loss_0.5_tro_sliding_window,13,10020,0.5,tro_sliding_window,1.1468441237185927,1.0188224085004252,0.9269356455323086,2.056255874026771,3.1520093235460918,100.0,300,0,11.2,3.8733333333333335,0.44057615314968446,1.0,1.9505451421603697,7.048782976216467,2.015401747049787,1156,0,0,0,1200,581,619,619,0,619,619,0,289,575,0,0,0,1200,64,1280.0,10.24,0.0
packet_loss,loss_0.5_tro_sliding_window,14,10021,0.5,tro_sliding_window,1.1930191711047007,1.0810729427398538,1.0304431330892754,1.9394692768824946,4.024528219618916,100.0,300,0,11.316666666666666,3.8733333333333335,0.44068681215299044,1.0,1.8779039717474142,6.544398502323521,2.0803877949079848,1139,0,0,0,1200,572,628,628,0,628,628,0,284,567,0,0,0,1200,64,1280.0,10.24,0.0
packet_loss,loss_0.5_tro_sliding_window,15,10022,0.5,tro_sliding_window,1.176673404884517,1.0695604994031218,0.9895940070681195,1.9508138936781452,3.3415009105826305,100.0,300,0,10.616666666666667,3.9266666666666667,0.44049965465104973,1.0,1.8400060964056442,7.040796127464029,2.0399831052099886,1217,0,0,0,1200,612,588,588,0,588,588,0,319,605,0,0,0,1200,64,1280.0,10.24,0.0
packet_loss,loss_0.5_tro_sliding_window,16,10023,0.5,tro_sliding_window,1.124349344132541,1.034289618251123,1.0232942546078998,1.8537466418047253,3.2328836984409195,99.66666666666667,299,1,10.943333333333333,3.8633333333333333,0.44042657451481176,1.0,1.9183187113659639,7.655301025336354,2.0966194392411257,1161,0,0,0,1200,592,608,608,0,608,608,0,301,569,0,0,0,1200,64,1280.0,10.24,0.0
packet_loss,loss_0.5_tro_sliding_window,17,10024,0.5,tro_sliding_window,1.1108772410914338,1.0031377194643647,0.9407140097578619,1.815415615440845,3.3359231929682465,99.66666666666667,299,1,10.553333333333333,3.86,0.43984182930359583,1.0,1.8484736151452204,7.2761141019623174,2.0402915633653795,1217,0,0,0,1200,613,587,587,0,587,587,0,305,604,0,0,0,1200,64,1280.0,10.24,0.0
packet_loss,loss_0.5_tro_sliding_window,18,10025,0.5,tro_sliding_window,1.1355584441479012,1.0163210521936585,0.9247449378935733,1.900630683689126,2.666390474167864,99.66666666666667,299,1,10.84,3.9,0.44014526219621825,1.0,1.8527429454712976,7.57065186363671,2.0998804781561344,1179,0,0,0,1200,596,604,604,0,604,604,0,292,583,0,0,0,1200,64,1280.0,10.24,0.0
packet_loss,loss_0.5_tro_sliding_window,19,10026,0.5,tro_sliding_window,1.278152702816435,1.1534674864766041,1.0955069692868098,2.0718161611204806,3.4910674617734903,99.66666666666667,299,1,10.793333333333333,3.9066666666666667,0.44025937047701946,1.0,1.8433232840031453,7.430245139855,2.0108778736780253,1196,0,0,0,1200,601,599,599,0,599,599,0,295,595,0,0,0,1200,64,1280.0,10.24,0.0
packet_loss,loss_0.5_latest_only,0,11007,0.5,latest_only,1.8310307806427146,1.6568070244181234,1.656842195209102,3.0091357241716126,3.8266623854454562,100.0,300,0,3.9033333333333333,3.9033333333333333,0.17616666666666758,0.9999999999999998,1.5879195043843466,5.099513834834353,1.7775028614554087,1211,0,0,0,1200,609,591,591,0,591,591,0,302,602,0,0,0,1200,64,1280.0,10.24,0.0
packet_loss,loss_0.5_latest_only,1,11008,0.5,latest_only,1.8439912048977711,1.6672207877735388,1.6904623028597374,3.066856300712196,4.799407094555099,100.0,300,0,3.8933333333333335,3.8933333333333335,0.18100000000000072,0.9999999999999964,1.5303770036760087,5.602561775553056,1.7679641388546854,1237,0,0,0,1200,622,578,578,0,578,578,0,297,615,0,0,0,1200,64,1280.0,10.24,0.0
packet_loss,loss_0.5_latest_only,2,11009,0.5,latest_only,1.8884072920799146,1.7194759972453368,1.644984864332292,3.1034852755612925,5.340997469006645,100.0,300,0,3.94,3.94,0.1590000000000008,0.9999999999999998,1.6701503966284317,7.4386494708392155,1.7607230940810776,1099,0,0,0,1200,553,647,647,0,647,647,0,280,546,0,0,0,1200,64,1280.0,10.24,0.0
packet_loss,loss_0.5_latest_only,3,11010,0.5,latest_only,1.804850026271451,1.5931826942082201,1.401494732714338,3.2167972388431068,5.3014777738820955,100.0,300,0,3.8866666666666667,3.8866666666666667,0.17272222222222305,1.0,1.538092721899075,6.910458229227797,1.7761708110317849,1186,0,0,0,1200,597,603,603,0,603,603,0,287,589,0,0,0,1200,64,1280.0,10.24,0.0
packet_loss,loss_0.5_latest_only,4,11011,0.5,latest_only,1.9100609195274705,1.7152834548270117,1.5631971507198008,3.253796826791115,4.382755228727743,99.33333333333333,298,2,3.8533333333333335,3.8533333333333335,0.1787777777777787,1.0,1.628505289494731,5.962048736829795,1.764973814318111,1212,0,0,0,1200,613,587,587,0,587,587,0,290,599,0,0,0,1200,64,1280.0,10.24,0.0
packet_loss,loss_0.5_latest_only,5,11012,0.5,latest_only,1.8503477258996446,1.6566248799208387,1.5440074320005217,3.161841829080005,4.752236145969705,99.66666666666667,299,1,3.8766666666666665,3.8766666666666665,0.17805555555555647,0.9999999999999999,1.660461640878957,5.716275831427535,1.7675854230127173,1228,0,0,0,1200,621,579,579,0,579,579,0,307,607,0,0,0,1200,64,1280.0,10.24,0.0
packet_loss,loss_0.5_latest_only,6,11013,0.5,latest_only,1.7543373433802811,1.5872619599910511,1.4777227091924856,3.0460438042429856,3.8937670500611428,99.66666666666667,299,1,3.8466666666666667,3.8466666666666667,0.1752777777777787,0.9999999999999964,1.479259468119468,6.572314350124974,1.842419086064357,1217,0,0,0,1200,613,587,587,0,587,587,0,290,604,0,0,0,1200,64,1280.0,10.24,0.0
packet_loss,loss_0.5_latest_only,7,11014,0.5,latest_only,1.932525117993203,1.7458143795181809,1.6444889977628427,3.2902134014384727,5.088216535981237,100.0,300,0,3.8933333333333335,3.8933333333333335,0.18294444444444524,1.0,1.7184613610494717,6.437419247460736,1.7747394150464144,1228,0,0,0,1200,620,580,580,0,580,580,0,300,608,0,0,0,1200,64,1280.0,10.24,0.0
packet_loss,loss_0.5_latest_only,8,11015,0.5,latest_only,1.9983678846113615,1.7643523275961555,1.5992925337848973,3.201188678377921,5.454695442391775,100.0,300,0,3.933333333333333,3.933333333333333,0.16844444444444528,1.0,1.6834168938395628,6.736061427743919,1.7342902936682034,1162,0,0,0,1200,586,614,614,0,614,614,0,300,576,0,0,0,1200,64,1280.0,10.24,0.0
packet_loss,loss_0.5_latest_only,9,11016,0.5,latest_only,1.8385912186704434,1.6674603712357985,1.5544359906453562,3.1743469632915535,4.392402008674253,100.0,300,0,3.8733333333333335,3.8733333333333335,0.18238888888888974,0.9999999999999998,1.6044005539422903,6.023785981924025,1.7776577297491463,1238,0,0,0,1200,623,577,577,0,577,577,0,296,615,0,0,0,1200,64,1280.0,10.24,0.0
packet_loss,loss_0.5_latest_only,10,11017,0.5,latest_only,1.8860526032843872,1.6837030611017971,1.520319942315051,3.1933227256420786,4.746075963956869,100.0,300,0,3.9266666666666667,3.9266666666666667,0.17522222222222306,0.9999999999999999,1.6215140474786287,6.9577324598520045,1.7415689026849592,1191,0,0,0,1200,599,601,601,0,601,601,0,308,592,0,0,0,1200,64,1280.0,10.24,0.0
packet_loss,loss_0.5_latest_only,11,11018,0.5,latest_only,1.8119336289238759,1.6423118336242817,1.5249813383834288,2.9923759232205103,4.453242738017487,100.0,300,0,3.8966666666666665,3.8966666666666665,0.18244444444444535,0.9999999999999998,1.6439816021696148,7.391434729729835,1.810786538765424,1207,0,0,0,1200,607,593,593,0,593,593,0,282,600,0,0,0,1200,64,1280.0,10.24,0.0
packet_loss,loss_0.5_latest_only,12,11019,0.5,latest_only,1.815144819517813,1.6338648036157906,1.5175507107336,2.9708198879274637,5.032947456404611,99.66666666666667,299,1,3.9066666666666667,3.9066666666666667,0.16177777777777866,1.0,1.6501094594182995,7.654405349404082,1.756115798719967,1153,0,0,0,1200,583,617,617,0,617,617,0,297,570,0,0,0,1200,64,1280.0,10.24,0.0
packet_loss,loss_0.5_latest_only,13,11020,0.5,latest_only,2.012217395439433,1.7011848038283381,1.550220022436934,3.0820430781869264,9.893666494408873,100.0,300,0,3.87,3.87,0.18088888888888974,0.9999999999999964,1.5745492289376875,5.860704267143625,1.8580870392120854,1218,0,0,0,1200,614,586,586,0,586,586,0,292,604,0,0,0,1200,64,1280.0,10.24,0.0
packet_loss,loss_0.5_latest_only,14,11021,0.5,latest_only,1.9970202114683862,1.8097407118809925,1.790118651098663,3.231467058055555,5.310828652478442,100.0,300,0,3.8966666666666665,3.8966666666666665,0.16488888888888964,0.9999999999999998,1.7043668646291892,5.669022568087036,1.7592940329278735,1152,0,0,0,1200,578,622,622,0,622,622,0,293,574,0,0,0,1200,64,1280.0,10.24,0.0
packet_loss,loss_0.5_latest_only,15,11022,0.5,latest_only,1.7820378102704706,1.605472048028884,1.4956268621059339,2.950363264202925,4.445384212763353,100.0,300,0,3.8666666666666667,3.8666666666666667,0.17888888888888976,0.9999999999999998,1.4947337159735987,6.473990404877108,1.7881327304128274,1207,0,0,0,1200,608,592,592,0,592,592,0,287,599,0,0,0,1200,64,1280.0,10.24,0.0
packet_loss,loss_0.5_latest_only,16,11023,0.5,latest_only,1.769829050933842,1.5994536195471876,1.5136136233265323,2.775707531358787,4.348435968049565,100.0,300,0,3.86,3.86,0.17027777777777867,0.9999999999999998,1.4874020646989456,5.9620963365375,1.7723022754906508,1207,0,0,0,1200,610,590,590,0,590,590,0,309,597,0,0,0,1200,64,1280.0,10.24,0.0
packet_loss,loss_0.5_latest_only,17,11024,0.5,latest_only,1.8437639168988584,1.6466044640521342,1.506135626826001,3.2194734931943234,4.598109026635162,100.0,300,0,3.9566666666666666,3.9566666666666666,0.15777777777777857,0.9999999999999999,1.6162810977198443,5.978700055072754,1.7235283897486982,1154,0,0,0,1200,578,622,622,0,622,622,0,320,576,0,0,0,1200,64,1280.0,10.24,0.0
packet_loss,loss_0.5_latest_only,18,11025,0.5,latest_only,1.68048200173611,1.5072249573552243,1.358474709164537,2.938918713124139,4.076040529683525,100.0,300,0,3.9166666666666665,3.9166666666666665,0.17805555555555644,0.9999999999999998,1.5167177822967575,6.784820704362227,1.746203416343374,1214,0,0,0,1200,609,591,591,0,591,591,0,299,605,0,0,0,1200,64,1280.0,10.24,0.0
packet_loss,loss_0.5_latest_only,19,11026,0.5,latest_only,1.955801684545607,1.7143134823491748,1.5626145374444764,3.459803184915308,5.148672950845541,100.0,300,0,3.92,3.92,0.1668888888888897,1.0,1.5820507901304415,5.2227713022301705,1.7752429626577828,1163,0,0,0,1200,585,615,615,0,615,615,0,300,578,0,0,0,1200,64,1280.0,10.24,0.0
